circuit,task,head_i,head_j,layer_i,layer_j,layer_dist,walsh_coeff,abs_walsh,ov_overlap,qk_comp,q_comp_ij,q_comp_ji,k_comp_ij,k_comp_ji,mean_principal_angle,faithfulness
ioi_C3_canonical,ioi,L0H1,L3H0,0,3,3,-0.006472812451022492,0.006472812451022492,0.03659005090594292,0.044634584337472916,0.038758374750614166,0.0,0.044634584337472916,0.0,1.4996228218078613,3.1409676978364587
ioi_C3_canonical,ioi,L0H1,L2H2,0,2,2,-0.001211317853460514,0.001211317853460514,0.0368325412273407,0.026919905096292496,0.026919905096292496,0.0,0.0216594897210598,0.0,1.4739198684692383,3.1409676978364587
ioi_C3_canonical,ioi,L0H1,L4H11,0,4,4,-0.01793259948948389,0.01793259948948389,0.03873514011502266,0.04643987864255905,0.03056609444320202,0.0,0.04643987864255905,0.0,1.4386894702911377,3.1409676978364587
ioi_C3_canonical,ioi,L0H1,L5H5,0,5,5,0.017946699261244703,0.017946699261244703,0.03743470832705498,0.04432504251599312,0.04432504251599312,0.0,0.02740604616701603,0.0,1.4878528118133545,3.1409676978364587
ioi_C3_canonical,ioi,L0H1,L6H9,0,6,6,0.005709449015341761,0.005709449015341761,0.03726053610444069,0.047001905739307404,0.047001905739307404,0.0,0.027921676635742188,0.0,1.4844987392425537,3.1409676978364587
ioi_C3_canonical,ioi,L0H1,L7H3,0,7,7,0.010755182399634577,0.010755182399634577,0.03626684099435806,0.03652720898389816,0.031934723258018494,0.0,0.03652720898389816,0.0,1.4933485984802246,3.1409676978364587
ioi_C3_canonical,ioi,L0H1,L7H9,0,7,7,0.019339340057683785,0.019339340057683785,0.0363115593791008,0.03806578367948532,0.03250434994697571,0.0,0.03806578367948532,0.0,1.4714823961257935,3.1409676978364587
ioi_C3_canonical,ioi,L0H1,L8H6,0,8,8,0.00911913877388315,0.00911913877388315,0.033236462622880936,0.034252360463142395,0.03162980452179909,0.0,0.034252360463142395,0.0,1.486412763595581,3.1409676978364587
ioi_C3_canonical,ioi,L0H1,L8H10,0,8,8,0.01933242294444426,0.01933242294444426,0.034535445272922516,0.03839961811900139,0.03335759416222572,0.0,0.03839961811900139,0.0,1.4844894409179688,3.1409676978364587
ioi_C3_canonical,ioi,L0H1,L9H9,0,9,9,-0.024082034834350452,0.024082034834350452,0.02783198095858097,0.041818197816610336,0.041818197816610336,0.0,0.041098155081272125,0.0,1.503758430480957,3.1409676978364587
ioi_C3_canonical,ioi,L0H1,L9H6,0,9,9,-0.02167676599481183,0.02167676599481183,0.029231615364551544,0.04144832119345665,0.03792859986424446,0.0,0.04144832119345665,0.0,1.5062131881713867,3.1409676978364587
ioi_C3_canonical,ioi,L0H1,L10H0,0,10,10,0.003315277568617603,0.003315277568617603,0.025288373231887817,0.05158861353993416,0.036712389439344406,0.0,0.05158861353993416,0.0,1.5190602540969849,3.1409676978364587
ioi_C3_canonical,ioi,L0H1,L10H7,0,10,10,-0.007391430629979823,0.007391430629979823,0.026382071897387505,0.05691380426287651,0.0320344939827919,0.0,0.05691380426287651,0.0,1.5069036483764648,3.1409676978364587
ioi_C3_canonical,ioi,L0H1,L11H10,0,11,11,-0.04466825909065619,0.04466825909065619,0.0382106713950634,0.059708110988140106,0.03276482969522476,0.0,0.059708110988140106,0.0,1.4757511615753174,3.1409676978364587
ioi_C3_canonical,ioi,L3H0,L2H2,3,2,1,0.0039517270969895435,0.0039517270969895435,0.04406121000647545,0.040455084294080734,0.0,0.040455084294080734,0.0,0.034618280827999115,1.4228603839874268,3.1409676978364587
ioi_C3_canonical,ioi,L3H0,L4H11,3,4,1,0.00039735184947176094,0.00039735184947176094,0.06291135400533676,0.022240005433559418,0.022240005433559418,0.0,0.02164182811975479,0.0,1.36472487449646,3.1409676978364587
ioi_C3_canonical,ioi,L3H0,L5H5,3,5,2,-0.0043565719963112315,0.0043565719963112315,0.06685023754835129,0.05910864099860191,0.05910864099860191,0.0,0.021442865952849388,0.0,1.3126246929168701,3.1409676978364587
ioi_C3_canonical,ioi,L3H0,L6H9,3,6,3,0.0026862402484653103,0.0026862402484653103,0.052916448563337326,0.04406042769551277,0.04406042769551277,0.0,0.021494533866643906,0.0,1.3813579082489014,3.1409676978364587
ioi_C3_canonical,ioi,L3H0,L7H3,3,7,4,0.016571049977869734,0.016571049977869734,0.04956556856632233,0.04328516870737076,0.041632186621427536,0.0,0.04328516870737076,0.0,1.402843713760376,3.1409676978364587
ioi_C3_canonical,ioi,L3H0,L7H9,3,7,4,0.014240677586997208,0.014240677586997208,0.0384371243417263,0.04163878411054611,0.041083924472332,0.0,0.04163878411054611,0.0,1.4739844799041748,3.1409676978364587
ioi_C3_canonical,ioi,L3H0,L8H6,3,8,5,0.004654268427941588,0.004654268427941588,0.04139656573534012,0.04167627543210983,0.04167627543210983,0.0,0.03681723400950432,0.0,1.4837727546691895,3.1409676978364587
ioi_C3_canonical,ioi,L3H0,L8H10,3,8,5,0.021343171390640236,0.021343171390640236,0.05158326402306557,0.05148838832974434,0.04740072041749954,0.0,0.05148838832974434,0.0,1.4294555187225342,3.1409676978364587
ioi_C3_canonical,ioi,L3H0,L9H9,3,9,6,0.0022190343083821062,0.0022190343083821062,0.021880025044083595,0.05336403101682663,0.05336403101682663,0.0,0.04155799001455307,0.0,1.537818193435669,3.1409676978364587
ioi_C3_canonical,ioi,L3H0,L9H6,3,9,6,-0.002991810296066433,0.002991810296066433,0.027130361646413803,0.05445482209324837,0.05445482209324837,0.0,0.04426703229546547,0.0,1.5200620889663696,3.1409676978364587
ioi_C3_canonical,ioi,L3H0,L10H0,3,10,7,0.005895295721188631,0.005895295721188631,0.02147679217159748,0.052511051297187805,0.052511051297187805,0.0,0.05013803392648697,0.0,1.5383816957473755,3.1409676978364587
ioi_C3_canonical,ioi,L3H0,L10H7,3,10,7,-0.006723842696999327,0.006723842696999327,0.031011462211608887,0.04939347505569458,0.04327823966741562,0.0,0.04939347505569458,0.0,1.5081570148468018,3.1409676978364587
ioi_C3_canonical,ioi,L3H0,L11H10,3,11,8,-0.009360575260700443,0.009360575260700443,0.029763542115688324,0.046624183654785156,0.04029680788516998,0.0,0.046624183654785156,0.0,1.509629249572754,3.1409676978364587
ioi_C3_canonical,ioi,L2H2,L4H11,2,4,2,-0.05863272665300201,0.05863272665300201,0.05029979720711708,0.05914600193500519,0.05914600193500519,0.0,0.037781987339258194,0.0,1.351154088973999,3.1409676978364587
ioi_C3_canonical,ioi,L2H2,L5H5,2,5,3,0.04955315163186924,0.04955315163186924,0.035001400858163834,0.06890391558408737,0.04777386412024498,0.0,0.06890391558408737,0.0,1.4704803228378296,3.1409676978364587
ioi_C3_canonical,ioi,L2H2,L6H9,2,6,4,0.013343165474850593,0.013343165474850593,0.045190632343292236,0.06916490942239761,0.04733382910490036,0.0,0.06916490942239761,0.0,1.4470174312591553,3.1409676978364587
ioi_C3_canonical,ioi,L2H2,L7H3,2,7,5,0.010903352958621326,0.010903352958621326,0.035591624677181244,0.033218685537576675,0.033218685537576675,0.0,0.032420359551906586,0.0,1.4870326519012451,3.1409676978364587
ioi_C3_canonical,ioi,L2H2,L7H9,2,7,5,0.011747290099208385,0.011747290099208385,0.03981557488441467,0.03300189971923828,0.03300189971923828,0.0,0.03211872652173042,0.0,1.4791877269744873,3.1409676978364587
ioi_C3_canonical,ioi,L2H2,L8H6,2,8,6,0.02417941465301965,0.02417941465301965,0.038561828434467316,0.03771984204649925,0.03358682617545128,0.0,0.03771984204649925,0.0,1.477355718612671,3.1409676978364587
ioi_C3_canonical,ioi,L2H2,L8H10,2,8,6,0.016508019702314414,0.016508019702314414,0.03788739815354347,0.033947329968214035,0.03046606294810772,0.0,0.033947329968214035,0.0,1.4856199026107788,3.1409676978364587
ioi_C3_canonical,ioi,L2H2,L9H9,2,9,7,0.010906520715252555,0.010906520715252555,0.04111912474036217,0.056324221193790436,0.036352746188640594,0.0,0.056324221193790436,0.0,1.5070034265518188,3.1409676978364587
ioi_C3_canonical,ioi,L2H2,L9H6,2,9,7,0.0014001803392602596,0.0014001803392602596,0.03424161672592163,0.04670026898384094,0.03322385996580124,0.0,0.04670026898384094,0.0,1.5132124423980713,3.1409676978364587
ioi_C3_canonical,ioi,L2H2,L10H0,2,10,8,0.0022093125163564764,0.0022093125163564764,0.028717949986457825,0.03961702808737755,0.0314241386950016,0.0,0.03961702808737755,0.0,1.5120368003845215,3.1409676978364587
ioi_C3_canonical,ioi,L2H2,L10H7,2,10,8,-0.00880995526966899,0.00880995526966899,0.044853225350379944,0.03191301226615906,0.031173130497336388,0.0,0.03191301226615906,0.0,1.4977242946624756,3.1409676978364587
ioi_C3_canonical,ioi,L2H2,L11H10,2,11,9,-0.008853972518238606,0.008853972518238606,0.040348514914512634,0.03426365926861763,0.03426365926861763,0.0,0.032826945185661316,0.0,1.4913053512573242,3.1409676978364587
ioi_C3_canonical,ioi,L4H11,L5H5,4,5,1,0.12850991084218322,0.12850991084218322,0.05073205754160881,0.09544696658849716,0.04097779467701912,0.0,0.09544696658849716,0.0,1.4293513298034668,3.1409676978364587
ioi_C3_canonical,ioi,L4H11,L6H9,4,6,2,0.037804797544310986,0.037804797544310986,0.0426269993185997,0.10092592984437943,0.049432870000600815,0.0,0.10092592984437943,0.0,1.4464815855026245,3.1409676978364587
ioi_C3_canonical,ioi,L4H11,L7H3,4,7,3,0.025214770410798337,0.025214770410798337,0.0416509285569191,0.035082705318927765,0.035082705318927765,0.0,0.03238775208592415,0.0,1.4924360513687134,3.1409676978364587
ioi_C3_canonical,ioi,L4H11,L7H9,4,7,3,0.03271378617608889,0.03271378617608889,0.038113269954919815,0.0336759127676487,0.033491797745227814,0.0,0.0336759127676487,0.0,1.463900089263916,3.1409676978364587
ioi_C3_canonical,ioi,L4H11,L8H6,4,8,4,0.06431203327866797,0.06431203327866797,0.03783625736832619,0.047623321413993835,0.03460008278489113,0.0,0.047623321413993835,0.0,1.4899189472198486,3.1409676978364587
ioi_C3_canonical,ioi,L4H11,L8H10,4,8,4,0.023784507344316808,0.023784507344316808,0.05200280621647835,0.03443274646997452,0.0293875802308321,0.0,0.03443274646997452,0.0,1.4970752000808716,3.1409676978364587
ioi_C3_canonical,ioi,L4H11,L9H9,4,9,5,0.02989599542877386,0.02989599542877386,0.02954276092350483,0.0683073103427887,0.03262772038578987,0.0,0.0683073103427887,0.0,1.5302681922912598,3.1409676978364587
ioi_C3_canonical,ioi,L4H11,L9H6,4,9,5,0.002961855288162951,0.002961855288162951,0.02851122058928013,0.06117762625217438,0.03097623400390148,0.0,0.06117762625217438,0.0,1.5219594240188599,3.1409676978364587
ioi_C3_canonical,ioi,L4H11,L10H0,4,10,6,0.012577268650488804,0.012577268650488804,0.022170813754200935,0.04363099858164787,0.031209832057356834,0.0,0.04363099858164787,0.0,1.5188249349594116,3.1409676978364587
ioi_C3_canonical,ioi,L4H11,L10H7,4,10,6,-0.03508272923517097,0.03508272923517097,0.039697326719760895,0.030333662405610085,0.02935425005853176,0.0,0.030333662405610085,0.0,1.5124056339263916,3.1409676978364587
ioi_C3_canonical,ioi,L4H11,L11H10,4,11,7,-0.028981824583581783,0.028981824583581783,0.03714180737733841,0.03761843964457512,0.03761843964457512,0.0,0.027277272194623947,0.0,1.499617576599121,3.1409676978364587
ioi_C3_canonical,ioi,L5H5,L6H9,5,6,1,-0.001163163408307355,0.001163163408307355,0.08388687670230865,0.04009952023625374,0.04009952023625374,0.0,0.01966671086847782,0.0,1.085152268409729,3.1409676978364587
ioi_C3_canonical,ioi,L5H5,L7H3,5,7,2,-0.015443869385080689,0.015443869385080689,0.05489968881011009,0.04512364789843559,0.04447038099169731,0.0,0.04512364789843559,0.0,1.3569892644882202,3.1409676978364587
ioi_C3_canonical,ioi,L5H5,L7H9,5,7,2,-0.015047451773682496,0.015047451773682496,0.0431637167930603,0.04568501561880112,0.04443218186497688,0.0,0.04568501561880112,0.0,1.4467064142227173,3.1409676978364587
ioi_C3_canonical,ioi,L5H5,L8H6,5,8,3,-0.03794434314858108,0.03794434314858108,0.03780685365200043,0.04632627218961716,0.04632627218961716,0.0,0.037613287568092346,0.0,1.4931895732879639,3.1409676978364587
ioi_C3_canonical,ioi,L5H5,L8H10,5,8,3,-0.01485283401336801,0.01485283401336801,0.057227618992328644,0.05592759698629379,0.055108584463596344,0.0,0.05592759698629379,0.0,1.382524013519287,3.1409676978364587
ioi_C3_canonical,ioi,L5H5,L9H9,5,9,4,-0.02254319035955632,0.02254319035955632,0.02103860303759575,0.054686203598976135,0.054686203598976135,0.0,0.04436175897717476,0.0,1.5336217880249023,3.1409676978364587
ioi_C3_canonical,ioi,L5H5,L9H6,5,9,4,-0.008091359824447864,0.008091359824447864,0.02432355470955372,0.05790242180228233,0.05790242180228233,0.0,0.04823390021920204,0.0,1.5185867547988892,3.1409676978364587
ioi_C3_canonical,ioi,L5H5,L10H0,5,10,5,-0.00864888831904409,0.00864888831904409,0.019662462174892426,0.055515825748443604,0.055515825748443604,0.0,0.04795633256435394,0.0,1.5286626815795898,3.1409676978364587
ioi_C3_canonical,ioi,L5H5,L10H7,5,10,5,0.009983263153401367,0.009983263153401367,0.02411249652504921,0.04810545966029167,0.04810545966029167,0.0,0.041813284158706665,0.0,1.5316016674041748,3.1409676978364587
ioi_C3_canonical,ioi,L5H5,L11H10,5,11,6,0.006488572868931897,0.006488572868931897,0.027898168191313744,0.0445619635283947,0.0445619635283947,0.0,0.04049886390566826,0.0,1.5095211267471313,3.1409676978364587
ioi_C3_canonical,ioi,L6H9,L7H3,6,7,1,-0.004482050754290867,0.004482050754290867,0.05454856902360916,0.043853119015693665,0.043853119015693665,0.0,0.033999498933553696,0.0,1.3410840034484863,3.1409676978364587
ioi_C3_canonical,ioi,L6H9,L7H9,6,7,1,0.002717746235532559,0.002717746235532559,0.047848112881183624,0.04802725836634636,0.04802725836634636,0.0,0.03288185968995094,0.0,1.4229249954223633,3.1409676978364587
ioi_C3_canonical,ioi,L6H9,L8H6,6,8,2,-0.0044640317071866775,0.0044640317071866775,0.04456452652812004,0.04445057734847069,0.04445057734847069,0.0,0.029208937659859657,0.0,1.4658738374710083,3.1409676978364587
ioi_C3_canonical,ioi,L6H9,L8H10,6,8,2,-0.000996623294327037,0.000996623294327037,0.05644553154706955,0.055773742496967316,0.055773742496967316,0.0,0.03717478737235069,0.0,1.390357494354248,3.1409676978364587
ioi_C3_canonical,ioi,L6H9,L9H9,6,9,3,-0.005350667558786881,0.005350667558786881,0.04622261971235275,0.05142851546406746,0.05142851546406746,0.0,0.029551437124609947,0.0,1.5263166427612305,3.1409676978364587
ioi_C3_canonical,ioi,L6H9,L9H6,6,9,3,-0.003699489465248007,0.003699489465248007,0.037281639873981476,0.05733450874686241,0.05733450874686241,0.0,0.03322359547019005,0.0,1.5060089826583862,3.1409676978364587
ioi_C3_canonical,ioi,L6H9,L10H0,6,10,4,-0.0009088543667985505,0.0009088543667985505,0.029713086783885956,0.0582430437207222,0.0582430437207222,0.0,0.03205595910549164,0.0,1.528021216392517,3.1409676978364587
ioi_C3_canonical,ioi,L6H9,L10H7,6,10,4,0.0015873011971621054,0.0015873011971621054,0.05378013476729393,0.05877566337585449,0.05877566337585449,0.0,0.028095928952097893,0.0,1.5137208700180054,3.1409676978364587
ioi_C3_canonical,ioi,L6H9,L11H10,6,11,5,-6.535101960025713e-05,6.535101960025713e-05,0.04103473946452141,0.05349137634038925,0.05349137634038925,0.0,0.02904055081307888,0.0,1.5117993354797363,3.1409676978364587
ioi_C3_canonical,ioi,L7H3,L7H9,7,7,0,-0.0035498362537964567,0.0035498362537964567,0.052728261798620224,0.0,0.0,0.0,0.0,0.0,1.3868114948272705,3.1409676978364587
ioi_C3_canonical,ioi,L7H3,L8H6,7,8,1,2.0749004988829256e-05,2.0749004988829256e-05,0.04473825916647911,0.04892149567604065,0.04892149567604065,0.0,0.03439756855368614,0.0,1.4766559600830078,3.1409676978364587
ioi_C3_canonical,ioi,L7H3,L8H10,7,8,1,-0.022422677512793143,0.022422677512793143,0.06327171623706818,0.06754542887210846,0.06754542887210846,0.0,0.03242990002036095,0.0,1.2960426807403564,3.1409676978364587
ioi_C3_canonical,ioi,L7H3,L9H9,7,9,2,0.007003286617361937,0.007003286617361937,0.024239322170615196,0.05915887653827667,0.05915887653827667,0.0,0.03117537871003151,0.0,1.5247626304626465,3.1409676978364587
ioi_C3_canonical,ioi,L7H3,L9H6,7,9,2,0.0012023379727565953,0.0012023379727565953,0.02818005159497261,0.06243782863020897,0.06243782863020897,0.0,0.03386356681585312,0.0,1.5195716619491577,3.1409676978364587
ioi_C3_canonical,ioi,L7H3,L10H0,7,10,3,0.005409991168733086,0.005409991168733086,0.02476087585091591,0.06365818530321121,0.06365818530321121,0.0,0.03102288953959942,0.0,1.5268282890319824,3.1409676978364587
ioi_C3_canonical,ioi,L7H3,L10H7,7,10,3,-0.02156933296612351,0.02156933296612351,0.0353153757750988,0.045913707464933395,0.045913707464933395,0.0,0.023529866710305214,0.0,1.5166423320770264,3.1409676978364587
ioi_C3_canonical,ioi,L7H3,L11H10,7,11,4,-0.014139029644411494,0.014139029644411494,0.03389580547809601,0.044715557247400284,0.044715557247400284,0.0,0.026930702850222588,0.0,1.4855895042419434,3.1409676978364587
ioi_C3_canonical,ioi,L7H9,L8H6,7,8,1,0.0005906030771143378,0.0005906030771143378,0.03951384872198105,0.04742962121963501,0.04742962121963501,0.0,0.041693370789289474,0.0,1.4639819860458374,3.1409676978364587
ioi_C3_canonical,ioi,L7H9,L8H10,7,8,1,-0.018335353486122585,0.018335353486122585,0.04722346365451813,0.05355146899819374,0.05355146899819374,0.0,0.03638794645667076,0.0,1.418185830116272,3.1409676978364587
ioi_C3_canonical,ioi,L7H9,L9H9,7,9,2,0.011125406578116781,0.011125406578116781,0.04002545028924942,0.04835062846541405,0.04835062846541405,0.0,0.03455082327127457,0.0,1.5145493745803833,3.1409676978364587
ioi_C3_canonical,ioi,L7H9,L9H6,7,9,2,0.004195346323285776,0.004195346323285776,0.031597405672073364,0.048303499817848206,0.048303499817848206,0.0,0.034065332263708115,0.0,1.5095202922821045,3.1409676978364587
ioi_C3_canonical,ioi,L7H9,L10H0,7,10,3,0.0184943455700477,0.0184943455700477,0.027754507958889008,0.04872611165046692,0.04872611165046692,0.0,0.03139728680253029,0.0,1.5272361040115356,3.1409676978364587
ioi_C3_canonical,ioi,L7H9,L10H7,7,10,3,-0.03405871423268536,0.03405871423268536,0.043211694806814194,0.03752896189689636,0.03752896189689636,0.0,0.023721283301711082,0.0,1.4981220960617065,3.1409676978364587
ioi_C3_canonical,ioi,L7H9,L11H10,7,11,4,-0.03155070317455966,0.03155070317455966,0.042265329509973526,0.039297815412282944,0.039297815412282944,0.0,0.026424791663885117,0.0,1.4747381210327148,3.1409676978364587
ioi_C3_canonical,ioi,L8H6,L8H10,8,8,0,0.006559413539889647,0.006559413539889647,0.05177094787359238,0.0,0.0,0.0,0.0,0.0,1.45042085647583,3.1409676978364587
ioi_C3_canonical,ioi,L8H6,L9H9,8,9,1,-0.020597452244714987,0.020597452244714987,0.02867945097386837,0.050410714000463486,0.050410714000463486,0.0,0.03154027834534645,0.0,1.508054494857788,3.1409676978364587
ioi_C3_canonical,ioi,L8H6,L9H6,8,9,1,-0.00484074716143823,0.00484074716143823,0.033165525645017624,0.05098284035921097,0.05098284035921097,0.0,0.034631915390491486,0.0,1.504177212715149,3.1409676978364587
ioi_C3_canonical,ioi,L8H6,L10H0,8,10,2,-0.0008878815001480689,0.0008878815001480689,0.028129110112786293,0.049099527299404144,0.049099527299404144,0.0,0.030351970344781876,0.0,1.51417875289917,3.1409676978364587
ioi_C3_canonical,ioi,L8H6,L10H7,8,10,2,0.019509849977623617,0.019509849977623617,0.031084058806300163,0.047174397855997086,0.047174397855997086,0.0,0.025383764877915382,0.0,1.4935964345932007,3.1409676978364587
ioi_C3_canonical,ioi,L8H6,L11H10,8,11,3,0.008733526210164655,0.008733526210164655,0.03422873094677925,0.043968573212623596,0.043968573212623596,0.0,0.02806139923632145,0.0,1.5033314228057861,3.1409676978364587
ioi_C3_canonical,ioi,L8H10,L9H9,8,9,1,0.01825980964753171,0.01825980964753171,0.034474994987249374,0.06494559347629547,0.06494559347629547,0.0,0.034754034131765366,0.0,1.4928371906280518,3.1409676978364587
ioi_C3_canonical,ioi,L8H10,L9H6,8,9,1,0.004332987360555762,0.004332987360555762,0.032043587416410446,0.06979799270629883,0.06979799270629883,0.0,0.04099148511886597,0.0,1.5089609622955322,3.1409676978364587
ioi_C3_canonical,ioi,L8H10,L10H0,8,10,2,0.020989797117806575,0.020989797117806575,0.028599215671420097,0.06838234513998032,0.06838234513998032,0.0,0.035236090421676636,0.0,1.5145301818847656,3.1409676978364587
ioi_C3_canonical,ioi,L8H10,L10H7,8,10,2,-0.06386244360419369,0.06386244360419369,0.04684540256857872,0.06196357682347298,0.06196357682347298,0.0,0.02966020256280899,0.0,1.4820867776870728,3.1409676978364587
ioi_C3_canonical,ioi,L8H10,L11H10,8,11,3,-0.03997671359957167,0.03997671359957167,0.03877067193388939,0.05371010676026344,0.05371010676026344,0.0,0.03207538649439812,0.0,1.4707615375518799,3.1409676978364587
ioi_C3_canonical,ioi,L9H9,L9H6,9,9,0,-0.005775384810078776,0.005775384810078776,0.03653208538889885,0.0,0.0,0.0,0.0,0.0,1.5014503002166748,3.1409676978364587
ioi_C3_canonical,ioi,L9H9,L10H0,9,10,1,6.066388772296705e-05,6.066388772296705e-05,0.061312396079301834,0.026181625202298164,0.026181625202298164,0.0,0.020679756999015808,0.0,1.4365593194961548,3.1409676978364587
ioi_C3_canonical,ioi,L9H9,L10H7,9,10,1,-0.30774527587050216,0.30774527587050216,0.0918985903263092,0.06432172656059265,0.06432172656059265,0.0,0.017131416127085686,0.0,1.1778701543807983,3.1409676978364587
ioi_C3_canonical,ioi,L9H9,L11H10,9,11,2,-0.09968645386936714,0.09968645386936714,0.06944553554058075,0.05966104194521904,0.05966104194521904,0.0,0.01472514122724533,0.0,1.3400334119796753,3.1409676978364587
ioi_C3_canonical,ioi,L9H6,L10H0,9,10,1,-0.023998890936638873,0.023998890936638873,0.07194914668798447,0.044073957949876785,0.044073957949876785,0.0,0.027763182297348976,0.0,1.3538649082183838,3.1409676978364587
ioi_C3_canonical,ioi,L9H6,L10H7,9,10,1,-0.12900148516382615,0.12900148516382615,0.06347637623548508,0.06445875018835068,0.06445875018835068,0.0,0.02316252328455448,0.0,1.4506169557571411,3.1409676978364587
ioi_C3_canonical,ioi,L9H6,L11H10,9,11,2,-0.023873779079053747,0.023873779079053747,0.05518051236867905,0.05186603218317032,0.05186603218317032,0.0,0.01998916268348694,0.0,1.4341132640838623,3.1409676978364587
ioi_C3_canonical,ioi,L10H0,L10H7,10,10,0,-0.0013674735904487534,0.0013674735904487534,0.06749298423528671,0.0,0.0,0.0,0.0,0.0,1.4032416343688965,3.1409676978364587
ioi_C3_canonical,ioi,L10H0,L11H10,10,11,1,-0.03893481835541479,0.03893481835541479,0.05312829837203026,0.044804975390434265,0.044804975390434265,0.0,0.021766066551208496,0.0,1.4401443004608154,3.1409676978364587
ioi_C3_canonical,ioi,L10H7,L11H10,10,11,1,0.05234325583438704,0.05234325583438704,0.07081249356269836,0.06502461433410645,0.06502461433410645,0.0,0.02107939124107361,0.0,1.3176732063293457,3.1409676978364587
ioi_C2_eap,ioi,L0H1,L0H10,0,0,0,0.005247473863704499,0.005247473863704499,0.08936535567045212,0.0,0.0,0.0,0.0,0.0,1.2771823406219482,-0.3185604643076658
ioi_C2_eap,ioi,L0H1,L2H2,0,2,2,-0.00034743441406703823,0.00034743441406703823,0.0368325412273407,0.026919905096292496,0.026919905096292496,0.0,0.0216594897210598,0.0,1.4739198684692383,-0.3185604643076658
ioi_C2_eap,ioi,L0H1,L4H11,0,4,4,-0.015938573076567764,0.015938573076567764,0.03873514011502266,0.04643987864255905,0.03056609444320202,0.0,0.04643987864255905,0.0,1.4386894702911377,-0.3185604643076658
ioi_C2_eap,ioi,L0H1,L5H5,0,5,5,0.014121919057430432,0.014121919057430432,0.03743470832705498,0.04432504251599312,0.04432504251599312,0.0,0.02740604616701603,0.0,1.4878528118133545,-0.3185604643076658
ioi_C2_eap,ioi,L0H1,L5H8,0,5,5,-0.009123373951211988,0.009123373951211988,0.035804953426122665,0.0413476824760437,0.0413476824760437,0.0,0.02972617745399475,0.0,1.4900686740875244,-0.3185604643076658
ioi_C2_eap,ioi,L0H1,L5H9,0,5,5,0.005040190040375592,0.005040190040375592,0.037372320890426636,0.0303777065128088,0.0303777065128088,0.0,0.02968575991690159,0.0,1.474766731262207,-0.3185604643076658
ioi_C2_eap,ioi,L0H1,L6H1,0,6,6,0.0005395100955922771,0.0005395100955922771,0.03630540892481804,0.03437012806534767,0.031312789767980576,0.0,0.03437012806534767,0.0,1.4883935451507568,-0.3185604643076658
ioi_C2_eap,ioi,L0H1,L6H9,0,6,6,0.008094711070583571,0.008094711070583571,0.03726053610444069,0.047001905739307404,0.047001905739307404,0.0,0.027921676635742188,0.0,1.4844987392425537,-0.3185604643076658
ioi_C2_eap,ioi,L0H1,L7H3,0,7,7,0.009639026035387133,0.009639026035387133,0.03626684099435806,0.03652720898389816,0.031934723258018494,0.0,0.03652720898389816,0.0,1.4933485984802246,-0.3185604643076658
ioi_C2_eap,ioi,L0H1,L7H9,0,7,7,0.021785723502802057,0.021785723502802057,0.0363115593791008,0.03806578367948532,0.03250434994697571,0.0,0.03806578367948532,0.0,1.4714823961257935,-0.3185604643076658
ioi_C2_eap,ioi,L0H1,L8H6,0,8,8,0.007077927269762085,0.007077927269762085,0.033236462622880936,0.034252360463142395,0.03162980452179909,0.0,0.034252360463142395,0.0,1.486412763595581,-0.3185604643076658
ioi_C2_eap,ioi,L0H1,L8H10,0,8,8,0.025937156526850913,0.025937156526850913,0.034535445272922516,0.03839961811900139,0.03335759416222572,0.0,0.03839961811900139,0.0,1.4844894409179688,-0.3185604643076658
ioi_C2_eap,ioi,L0H1,L10H7,0,10,10,-0.060470964239215164,0.060470964239215164,0.026382071897387505,0.05691380426287651,0.0320344939827919,0.0,0.05691380426287651,0.0,1.5069036483764648,-0.3185604643076658
ioi_C2_eap,ioi,L0H1,L11H10,0,11,11,-0.04736683403498887,0.04736683403498887,0.0382106713950634,0.059708110988140106,0.03276482969522476,0.0,0.059708110988140106,0.0,1.4757511615753174,-0.3185604643076658
ioi_C2_eap,ioi,L0H10,L2H2,0,2,2,-0.0011823057245408108,0.0011823057245408108,0.04009469226002693,0.03628383204340935,0.029253581538796425,0.0,0.03628383204340935,0.0,1.4595152139663696,-0.3185604643076658
ioi_C2_eap,ioi,L0H10,L4H11,0,4,4,0.0007093225894720945,0.0007093225894720945,0.047975946217775345,0.071586012840271,0.032069139182567596,0.0,0.071586012840271,0.0,1.4160277843475342,-0.3185604643076658
ioi_C2_eap,ioi,L0H10,L5H5,0,5,5,-0.009657485274743749,0.009657485274743749,0.037508975714445114,0.036752864718437195,0.036752864718437195,0.0,0.029406234622001648,0.0,1.4686208963394165,-0.3185604643076658
ioi_C2_eap,ioi,L0H10,L5H8,0,5,5,-0.0005332469002894413,0.0005332469002894413,0.03756190463900566,0.042170654982328415,0.042170654982328415,0.0,0.035375285893678665,0.0,1.4708980321884155,-0.3185604643076658
ioi_C2_eap,ioi,L0H10,L5H9,0,5,5,-0.004200537590662634,0.004200537590662634,0.037123244255781174,0.03556818515062332,0.03556818515062332,0.0,0.03388572484254837,0.0,1.4838190078735352,-0.3185604643076658
ioi_C2_eap,ioi,L0H10,L6H1,0,6,6,0.00023383633092066702,0.00023383633092066702,0.036611657589673996,0.045657142996788025,0.038419727236032486,0.0,0.045657142996788025,0.0,1.479062557220459,-0.3185604643076658
ioi_C2_eap,ioi,L0H10,L6H9,0,6,6,0.0017170360045213329,0.0017170360045213329,0.03670327737927437,0.03948940709233284,0.03948940709233284,0.0,0.030309082940220833,0.0,1.4804110527038574,-0.3185604643076658
ioi_C2_eap,ioi,L0H10,L7H3,0,7,7,-0.0033328398221499356,0.0033328398221499356,0.034899625927209854,0.050362396985292435,0.04162076115608215,0.0,0.050362396985292435,0.0,1.4916757345199585,-0.3185604643076658
ioi_C2_eap,ioi,L0H10,L7H9,0,7,7,3.251284707062041e-05,3.251284707062041e-05,0.03758762776851654,0.05269850045442581,0.03955162316560745,0.0,0.05269850045442581,0.0,1.4804635047912598,-0.3185604643076658
ioi_C2_eap,ioi,L0H10,L8H6,0,8,8,-0.0005159959563627581,0.0005159959563627581,0.03427178040146828,0.043425776064395905,0.03598882257938385,0.0,0.043425776064395905,0.0,1.48402738571167,-0.3185604643076658
ioi_C2_eap,ioi,L0H10,L8H10,0,8,8,-0.008613736566388752,0.008613736566388752,0.03403907269239426,0.05055353417992592,0.04111200571060181,0.0,0.05055353417992592,0.0,1.4920837879180908,-0.3185604643076658
ioi_C2_eap,ioi,L0H10,L10H7,0,10,10,-0.007150240668835295,0.007150240668835295,0.029286421835422516,0.051969364285469055,0.03580663725733757,0.0,0.051969364285469055,0.0,1.5189063549041748,-0.3185604643076658
ioi_C2_eap,ioi,L0H10,L11H10,0,11,11,-0.005172431630597885,0.005172431630597885,0.03295084834098816,0.06004267558455467,0.03826005756855011,0.0,0.06004267558455467,0.0,1.5105266571044922,-0.3185604643076658
ioi_C2_eap,ioi,L2H2,L4H11,2,4,2,-0.06952398982619457,0.06952398982619457,0.05029979720711708,0.05914600193500519,0.05914600193500519,0.0,0.037781987339258194,0.0,1.351154088973999,-0.3185604643076658
ioi_C2_eap,ioi,L2H2,L5H5,2,5,3,0.05830137715187789,0.05830137715187789,0.035001400858163834,0.06890391558408737,0.04777386412024498,0.0,0.06890391558408737,0.0,1.4704803228378296,-0.3185604643076658
ioi_C2_eap,ioi,L2H2,L5H8,2,5,3,-0.0118864418900273,0.0118864418900273,0.03635336831212044,0.05921102687716484,0.03717055171728134,0.0,0.05921102687716484,0.0,1.481849193572998,-0.3185604643076658
ioi_C2_eap,ioi,L2H2,L5H9,2,5,3,0.007811888407928791,0.007811888407928791,0.03587304800748825,0.035522762686014175,0.031349170953035355,0.0,0.035522762686014175,0.0,1.4906235933303833,-0.3185604643076658
ioi_C2_eap,ioi,L2H2,L6H1,2,6,4,0.0015852311039168399,0.0015852311039168399,0.039960455149412155,0.04022514075040817,0.035337116569280624,0.0,0.04022514075040817,0.0,1.4720032215118408,-0.3185604643076658
ioi_C2_eap,ioi,L2H2,L6H9,2,6,4,0.01714029056475397,0.01714029056475397,0.045190632343292236,0.06916490942239761,0.04733382910490036,0.0,0.06916490942239761,0.0,1.4470174312591553,-0.3185604643076658
ioi_C2_eap,ioi,L2H2,L7H3,2,7,5,0.011244480930059808,0.011244480930059808,0.035591624677181244,0.033218685537576675,0.033218685537576675,0.0,0.032420359551906586,0.0,1.4870326519012451,-0.3185604643076658
ioi_C2_eap,ioi,L2H2,L7H9,2,7,5,0.014771589060188717,0.014771589060188717,0.03981557488441467,0.03300189971923828,0.03300189971923828,0.0,0.03211872652173042,0.0,1.4791877269744873,-0.3185604643076658
ioi_C2_eap,ioi,L2H2,L8H6,2,8,6,0.03297287286235928,0.03297287286235928,0.038561828434467316,0.03771984204649925,0.03358682617545128,0.0,0.03771984204649925,0.0,1.477355718612671,-0.3185604643076658
ioi_C2_eap,ioi,L2H2,L8H10,2,8,6,0.019871631242637022,0.019871631242637022,0.03788739815354347,0.033947329968214035,0.03046606294810772,0.0,0.033947329968214035,0.0,1.4856199026107788,-0.3185604643076658
ioi_C2_eap,ioi,L2H2,L10H7,2,10,8,-0.017453884361003702,0.017453884361003702,0.044853225350379944,0.03191301226615906,0.031173130497336388,0.0,0.03191301226615906,0.0,1.4977242946624756,-0.3185604643076658
ioi_C2_eap,ioi,L2H2,L11H10,2,11,9,-0.009975926340047181,0.009975926340047181,0.040348514914512634,0.03426365926861763,0.03426365926861763,0.0,0.032826945185661316,0.0,1.4913053512573242,-0.3185604643076658
ioi_C2_eap,ioi,L4H11,L5H5,4,5,1,0.15345895925671016,0.15345895925671016,0.05073205754160881,0.09544696658849716,0.04097779467701912,0.0,0.09544696658849716,0.0,1.4293513298034668,-0.3185604643076658
ioi_C2_eap,ioi,L4H11,L5H8,4,5,1,-0.03580838766086458,0.03580838766086458,0.0519745796918869,0.08461340516805649,0.033734310418367386,0.0,0.08461340516805649,0.0,1.4340450763702393,-0.3185604643076658
ioi_C2_eap,ioi,L4H11,L5H9,4,5,1,0.02112962942541685,0.02112962942541685,0.055596973747015,0.032121315598487854,0.028095368295907974,0.0,0.032121315598487854,0.0,1.4433727264404297,-0.3185604643076658
ioi_C2_eap,ioi,L4H11,L6H1,4,6,2,0.005480470289882078,0.005480470289882078,0.042140062898397446,0.04844876006245613,0.039148248732089996,0.0,0.04844876006245613,0.0,1.4795067310333252,-0.3185604643076658
ioi_C2_eap,ioi,L4H11,L6H9,4,6,2,0.04963993365399233,0.04963993365399233,0.0426269993185997,0.10092592984437943,0.049432870000600815,0.0,0.10092592984437943,0.0,1.4464815855026245,-0.3185604643076658
ioi_C2_eap,ioi,L4H11,L7H3,4,7,3,0.024611773411692184,0.024611773411692184,0.0416509285569191,0.035082705318927765,0.035082705318927765,0.0,0.03238775208592415,0.0,1.4924360513687134,-0.3185604643076658
ioi_C2_eap,ioi,L4H11,L7H9,4,7,3,0.036990745869701414,0.036990745869701414,0.038113269954919815,0.0336759127676487,0.033491797745227814,0.0,0.0336759127676487,0.0,1.463900089263916,-0.3185604643076658
ioi_C2_eap,ioi,L4H11,L8H6,4,8,4,0.08795970030067224,0.08795970030067224,0.03783625736832619,0.047623321413993835,0.03460008278489113,0.0,0.047623321413993835,0.0,1.4899189472198486,-0.3185604643076658
ioi_C2_eap,ioi,L4H11,L8H10,4,8,4,0.028218190480146177,0.028218190480146177,0.05200280621647835,0.03443274646997452,0.0293875802308321,0.0,0.03443274646997452,0.0,1.4970752000808716,-0.3185604643076658
ioi_C2_eap,ioi,L4H11,L10H7,4,10,6,-0.05384199459737715,0.05384199459737715,0.039697326719760895,0.030333662405610085,0.02935425005853176,0.0,0.030333662405610085,0.0,1.5124056339263916,-0.3185604643076658
ioi_C2_eap,ioi,L4H11,L11H10,4,11,7,-0.028534174746283725,0.028534174746283725,0.03714180737733841,0.03761843964457512,0.03761843964457512,0.0,0.027277272194623947,0.0,1.499617576599121,-0.3185604643076658
ioi_C2_eap,ioi,L5H5,L5H8,5,5,0,-0.0016348278757334356,0.0016348278757334356,0.07196822017431259,0.0,0.0,0.0,0.0,0.0,1.322570562362671,-0.3185604643076658
ioi_C2_eap,ioi,L5H5,L5H9,5,5,0,0.013352199390936903,0.013352199390936903,0.10694418102502823,0.0,0.0,0.0,0.0,0.0,0.9993587732315063,-0.3185604643076658
ioi_C2_eap,ioi,L5H5,L6H1,5,6,1,-0.005026462063796089,0.005026462063796089,0.041691336780786514,0.04345785453915596,0.04345785453915596,0.0,0.03543315827846527,0.0,1.4553565979003906,-0.3185604643076658
ioi_C2_eap,ioi,L5H5,L6H9,5,6,1,-0.003687293142689896,0.003687293142689896,0.08388687670230865,0.04009952023625374,0.04009952023625374,0.0,0.01966671086847782,0.0,1.085152268409729,-0.3185604643076658
ioi_C2_eap,ioi,L5H5,L7H3,5,7,2,-0.01798921778859608,0.01798921778859608,0.05489968881011009,0.04512364789843559,0.04447038099169731,0.0,0.04512364789843559,0.0,1.3569892644882202,-0.3185604643076658
ioi_C2_eap,ioi,L5H5,L7H9,5,7,2,-0.020839437880823652,0.020839437880823652,0.0431637167930603,0.04568501561880112,0.04443218186497688,0.0,0.04568501561880112,0.0,1.4467064142227173,-0.3185604643076658
ioi_C2_eap,ioi,L5H5,L8H6,5,8,3,-0.0571264517776342,0.0571264517776342,0.03780685365200043,0.04632627218961716,0.04632627218961716,0.0,0.037613287568092346,0.0,1.4931895732879639,-0.3185604643076658
ioi_C2_eap,ioi,L5H5,L8H10,5,8,3,-0.020107038630641227,0.020107038630641227,0.057227618992328644,0.05592759698629379,0.055108584463596344,0.0,0.05592759698629379,0.0,1.382524013519287,-0.3185604643076658
ioi_C2_eap,ioi,L5H5,L10H7,5,10,5,0.01988641804464919,0.01988641804464919,0.02411249652504921,0.04810545966029167,0.04810545966029167,0.0,0.041813284158706665,0.0,1.5316016674041748,-0.3185604643076658
ioi_C2_eap,ioi,L5H5,L11H10,5,11,6,0.0069308255861812995,0.0069308255861812995,0.027898168191313744,0.0445619635283947,0.0445619635283947,0.0,0.04049886390566826,0.0,1.5095211267471313,-0.3185604643076658
ioi_C2_eap,ioi,L5H8,L5H9,5,5,0,-0.0008080984107152744,0.0008080984107152744,0.06482701748609543,0.0,0.0,0.0,0.0,0.0,1.3742351531982422,-0.3185604643076658
ioi_C2_eap,ioi,L5H8,L6H1,5,6,1,0.0014735973436188488,0.0014735973436188488,0.04769515618681908,0.04594184830784798,0.04594184830784798,0.0,0.03721538931131363,0.0,1.4300436973571777,-0.3185604643076658
ioi_C2_eap,ioi,L5H8,L6H9,5,6,1,0.003810463662858865,0.003810463662858865,0.053240761160850525,0.03615065664052963,0.03615065664052963,0.0,0.029490189626812935,0.0,1.38084077835083,-0.3185604643076658
ioi_C2_eap,ioi,L5H8,L7H3,5,7,2,-0.0030991797077319916,0.0030991797077319916,0.04540063440799713,0.044481802731752396,0.044481802731752396,0.0,0.04034571722149849,0.0,1.464074730873108,-0.3185604643076658
ioi_C2_eap,ioi,L5H8,L7H9,5,7,2,0.0005127836142548858,0.0005127836142548858,0.0454971045255661,0.04518095403909683,0.04518095403909683,0.0,0.03684154897928238,0.0,1.4472639560699463,-0.3185604643076658
ioi_C2_eap,ioi,L5H8,L8H6,5,8,3,0.004265678862537925,0.004265678862537925,0.039584144949913025,0.043336354196071625,0.043336354196071625,0.0,0.03788335248827934,0.0,1.4722486734390259,-0.3185604643076658
ioi_C2_eap,ioi,L5H8,L8H10,5,8,3,-0.0031315311826745074,0.0031315311826745074,0.04112910106778145,0.04143965244293213,0.04143965244293213,0.0,0.0369330495595932,0.0,1.4601435661315918,-0.3185604643076658
ioi_C2_eap,ioi,L5H8,L10H7,5,10,5,-0.013460428898071086,0.013460428898071086,0.022135702893137932,0.036530304700136185,0.036530304700136185,0.0,0.026436395943164825,0.0,1.5326396226882935,-0.3185604643076658
ioi_C2_eap,ioi,L5H8,L11H10,5,11,6,-0.006025198777109608,0.006025198777109608,0.028057284653186798,0.03643649443984032,0.03643649443984032,0.0,0.026694953441619873,0.0,1.5163319110870361,-0.3185604643076658
ioi_C2_eap,ioi,L5H9,L6H1,5,6,1,-0.0016418519344654214,0.0016418519344654214,0.04694417491555214,0.04449498653411865,0.04449498653411865,0.0,0.03540154919028282,0.0,1.4449223279953003,-0.3185604643076658
ioi_C2_eap,ioi,L5H9,L6H9,5,6,1,0.008551485886442833,0.008551485886442833,0.0748012363910675,0.03194526210427284,0.03194526210427284,0.0,0.024730654433369637,0.0,1.233457088470459,-0.3185604643076658
ioi_C2_eap,ioi,L5H9,L7H3,5,7,2,-0.009553908598121552,0.009553908598121552,0.0747230127453804,0.047604143619537354,0.047604143619537354,0.0,0.04722537100315094,0.0,1.2105770111083984,-0.3185604643076658
ioi_C2_eap,ioi,L5H9,L7H9,5,7,2,-0.010103414353096696,0.010103414353096696,0.0485215000808239,0.04583887383341789,0.04583887383341789,0.0,0.045555777847766876,0.0,1.4251331090927124,-0.3185604643076658
ioi_C2_eap,ioi,L5H9,L8H6,5,8,3,-0.0225460858580675,0.0225460858580675,0.04435504227876663,0.051241371780633926,0.051241371780633926,0.0,0.0429924838244915,0.0,1.4730280637741089,-0.3185604643076658
ioi_C2_eap,ioi,L5H9,L8H10,5,8,3,-0.005295055598793397,0.005295055598793397,0.0658535361289978,0.056435056030750275,0.05408008396625519,0.0,0.056435056030750275,0.0,1.3137538433074951,-0.3185604643076658
ioi_C2_eap,ioi,L5H9,L10H7,5,10,5,0.01410208536262303,0.01410208536262303,0.028068920597434044,0.04617372155189514,0.04617372155189514,0.0,0.04027285426855087,0.0,1.5191524028778076,-0.3185604643076658
ioi_C2_eap,ioi,L5H9,L11H10,5,11,6,0.009055166056469943,0.009055166056469943,0.029806409031152725,0.044303324073553085,0.044303324073553085,0.0,0.0392475388944149,0.0,1.5115489959716797,-0.3185604643076658
ioi_C2_eap,ioi,L6H1,L6H9,6,6,0,0.0006288064028865392,0.0006288064028865392,0.046128496527671814,0.0,0.0,0.0,0.0,0.0,1.433117151260376,-0.3185604643076658
ioi_C2_eap,ioi,L6H1,L7H3,6,7,1,0.0003303116652375593,0.0003303116652375593,0.05044740065932274,0.03996790573000908,0.03996790573000908,0.0,0.03376297652721405,0.0,1.4427870512008667,-0.3185604643076658
ioi_C2_eap,ioi,L6H1,L7H9,6,7,1,-6.324679841895886e-05,6.324679841895886e-05,0.04612817242741585,0.038740646094083786,0.038740646094083786,0.0,0.033219337463378906,0.0,1.4171472787857056,-0.3185604643076658
ioi_C2_eap,ioi,L6H1,L8H6,6,8,2,0.000598568300262059,0.000598568300262059,0.05709361657500267,0.04432343691587448,0.04432343691587448,0.0,0.03335367888212204,0.0,1.2832890748977661,-0.3185604643076658
ioi_C2_eap,ioi,L6H1,L8H10,6,8,2,0.003052802569953883,0.003052802569953883,0.04507776349782944,0.04252211004495621,0.04252211004495621,0.0,0.03470548614859581,0.0,1.4661626815795898,-0.3185604643076658
ioi_C2_eap,ioi,L6H1,L10H7,6,10,4,0.005898483279139555,0.005898483279139555,0.0407574437558651,0.041236430406570435,0.041236430406570435,0.0,0.02926395647227764,0.0,1.495211124420166,-0.3185604643076658
ioi_C2_eap,ioi,L6H1,L11H10,6,11,5,0.002612535538986549,0.002612535538986549,0.03677532449364662,0.038993000984191895,0.038993000984191895,0.0,0.030362103134393692,0.0,1.5027272701263428,-0.3185604643076658
ioi_C2_eap,ioi,L6H9,L7H3,6,7,1,-0.0054989605781372575,0.0054989605781372575,0.05454856902360916,0.043853119015693665,0.043853119015693665,0.0,0.033999498933553696,0.0,1.3410840034484863,-0.3185604643076658
ioi_C2_eap,ioi,L6H9,L7H9,6,7,1,-0.0013380989133509047,0.0013380989133509047,0.047848112881183624,0.04802725836634636,0.04802725836634636,0.0,0.03288185968995094,0.0,1.4229249954223633,-0.3185604643076658
ioi_C2_eap,ioi,L6H9,L8H6,6,8,2,-0.012915742693536458,0.012915742693536458,0.04456452652812004,0.04445057734847069,0.04445057734847069,0.0,0.029208937659859657,0.0,1.4658738374710083,-0.3185604643076658
ioi_C2_eap,ioi,L6H9,L8H10,6,8,2,-0.003174824660476361,0.003174824660476361,0.05644553154706955,0.055773742496967316,0.055773742496967316,0.0,0.03717478737235069,0.0,1.390357494354248,-0.3185604643076658
ioi_C2_eap,ioi,L6H9,L10H7,6,10,4,0.003033742096789638,0.003033742096789638,0.05378013476729393,0.05877566337585449,0.05877566337585449,0.0,0.028095928952097893,0.0,1.5137208700180054,-0.3185604643076658
ioi_C2_eap,ioi,L6H9,L11H10,6,11,5,-0.00014397501453800032,0.00014397501453800032,0.04103473946452141,0.05349137634038925,0.05349137634038925,0.0,0.02904055081307888,0.0,1.5117993354797363,-0.3185604643076658
ioi_C2_eap,ioi,L7H3,L7H9,7,7,0,-0.005153499037845677,0.005153499037845677,0.052728261798620224,0.0,0.0,0.0,0.0,0.0,1.3868114948272705,-0.3185604643076658
ioi_C2_eap,ioi,L7H3,L8H6,7,8,1,-0.00026077000464397315,0.00026077000464397315,0.04473825916647911,0.04892149567604065,0.04892149567604065,0.0,0.03439756855368614,0.0,1.4766559600830078,-0.3185604643076658
ioi_C2_eap,ioi,L7H3,L8H10,7,8,1,-0.03379900757610699,0.03379900757610699,0.06327171623706818,0.06754542887210846,0.06754542887210846,0.0,0.03242990002036095,0.0,1.2960426807403564,-0.3185604643076658
ioi_C2_eap,ioi,L7H3,L10H7,7,10,3,-0.03270500647138874,0.03270500647138874,0.0353153757750988,0.045913707464933395,0.045913707464933395,0.0,0.023529866710305214,0.0,1.5166423320770264,-0.3185604643076658
ioi_C2_eap,ioi,L7H3,L11H10,7,11,4,-0.016050187413924277,0.016050187413924277,0.03389580547809601,0.044715557247400284,0.044715557247400284,0.0,0.026930702850222588,0.0,1.4855895042419434,-0.3185604643076658
ioi_C2_eap,ioi,L7H9,L8H6,7,8,1,0.0006108106462932028,0.0006108106462932028,0.03951384872198105,0.04742962121963501,0.04742962121963501,0.0,0.041693370789289474,0.0,1.4639819860458374,-0.3185604643076658
ioi_C2_eap,ioi,L7H9,L8H10,7,8,1,-0.02889217876642647,0.02889217876642647,0.04722346365451813,0.05355146899819374,0.05355146899819374,0.0,0.03638794645667076,0.0,1.418185830116272,-0.3185604643076658
ioi_C2_eap,ioi,L7H9,L10H7,7,10,3,-0.04862468432659739,0.04862468432659739,0.043211694806814194,0.03752896189689636,0.03752896189689636,0.0,0.023721283301711082,0.0,1.4981220960617065,-0.3185604643076658
ioi_C2_eap,ioi,L7H9,L11H10,7,11,4,-0.03077853118381313,0.03077853118381313,0.042265329509973526,0.039297815412282944,0.039297815412282944,0.0,0.026424791663885117,0.0,1.4747381210327148,-0.3185604643076658
ioi_C2_eap,ioi,L8H6,L8H10,8,8,0,0.006701114825972354,0.006701114825972354,0.05177094787359238,0.0,0.0,0.0,0.0,0.0,1.45042085647583,-0.3185604643076658
ioi_C2_eap,ioi,L8H6,L10H7,8,10,2,0.018394993762768763,0.018394993762768763,0.031084058806300163,0.047174397855997086,0.047174397855997086,0.0,0.025383764877915382,0.0,1.4935964345932007,-0.3185604643076658
ioi_C2_eap,ioi,L8H6,L11H10,8,11,3,0.00331479112455213,0.00331479112455213,0.03422873094677925,0.043968573212623596,0.043968573212623596,0.0,0.02806139923632145,0.0,1.5033314228057861,-0.3185604643076658
ioi_C2_eap,ioi,L8H10,L10H7,8,10,2,-0.08003418217165859,0.08003418217165859,0.04684540256857872,0.06196357682347298,0.06196357682347298,0.0,0.02966020256280899,0.0,1.4820867776870728,-0.3185604643076658
ioi_C2_eap,ioi,L8H10,L11H10,8,11,3,-0.03759065789526517,0.03759065789526517,0.03877067193388939,0.05371010676026344,0.05371010676026344,0.0,0.03207538649439812,0.0,1.4707615375518799,-0.3185604643076658
ioi_C2_eap,ioi,L10H7,L11H10,10,11,1,0.09439151359023867,0.09439151359023867,0.07081249356269836,0.06502461433410645,0.06502461433410645,0.0,0.02107939124107361,0.0,1.3176732063293457,-0.3185604643076658
ioi_C5_walsh,ioi,L5H5,L10H7,5,10,5,-0.018409411859664715,0.018409411859664715,0.02411249652504921,0.04810545966029167,0.04810545966029167,0.0,0.041813284158706665,0.0,1.5316016674041748,-1.001149824820459
ioi_C5_walsh,ioi,L5H5,L11H1,5,11,6,0.00013337037924543438,0.00013337037924543438,0.02788105420768261,0.05215739831328392,0.05215739831328392,0.0,0.04572514444589615,0.0,1.511460304260254,-1.001149824820459
ioi_C5_walsh,ioi,L5H5,L8H6,5,8,3,0.008850450259870968,0.008850450259870968,0.03780685365200043,0.04632627218961716,0.04632627218961716,0.0,0.037613287568092346,0.0,1.4931895732879639,-1.001149824820459
ioi_C5_walsh,ioi,L5H5,L8H10,5,8,3,0.0056079806963396095,0.0056079806963396095,0.057227618992328644,0.05592759698629379,0.055108584463596344,0.0,0.05592759698629379,0.0,1.382524013519287,-1.001149824820459
ioi_C5_walsh,ioi,L5H5,L0H9,5,0,5,0.0005591962302844422,0.0005591962302844422,0.03737926110625267,0.0364801362156868,0.0,0.0364801362156868,0.0,0.031093573197722435,1.4818134307861328,-1.001149824820459
ioi_C5_walsh,ioi,L5H5,L7H9,5,7,2,0.007451169674851599,0.007451169674851599,0.0431637167930603,0.04568501561880112,0.04443218186497688,0.0,0.04568501561880112,0.0,1.4467064142227173,-1.001149824820459
ioi_C5_walsh,ioi,L5H5,L0H3,5,0,5,0.0011057151350257755,0.0011057151350257755,0.03745075315237045,0.0365552194416523,0.0,0.0365552194416523,0.0,0.02597547508776188,1.4747314453125,-1.001149824820459
ioi_C5_walsh,ioi,L5H5,L6H9,5,6,1,-0.006736921502778159,0.006736921502778159,0.08388687670230865,0.04009952023625374,0.04009952023625374,0.0,0.01966671086847782,0.0,1.085152268409729,-1.001149824820459
ioi_C5_walsh,ioi,L5H5,L10H1,5,10,5,0.0020305492655268154,0.0020305492655268154,0.022159051150083542,0.05674402415752411,0.05674402415752411,0.0,0.04550116881728172,0.0,1.5311625003814697,-1.001149824820459
ioi_C5_walsh,ioi,L5H5,L11H2,5,11,6,-0.0012955082623591352,0.0012955082623591352,0.021087754517793655,0.05222652480006218,0.05222652480006218,0.0,0.04418528079986572,0.0,1.5150725841522217,-1.001149824820459
ioi_C5_walsh,ioi,L5H5,L10H10,5,10,5,0.001784620876065901,0.001784620876065901,0.029146062210202217,0.055797282606363297,0.055797282606363297,0.0,0.0500960610806942,0.0,1.5224545001983643,-1.001149824820459
ioi_C5_walsh,ioi,L5H5,L3H0,5,3,2,-0.008947866522106551,0.008947866522106551,0.06685024499893188,0.05910864099860191,0.0,0.05910864099860191,0.0,0.021442865952849388,1.3126246929168701,-1.001149824820459
ioi_C5_walsh,ioi,L5H5,L11H10,5,11,6,-0.011056651804693729,0.011056651804693729,0.027898168191313744,0.0445619635283947,0.0445619635283947,0.0,0.04049886390566826,0.0,1.5095211267471313,-1.001149824820459
ioi_C5_walsh,ioi,L5H5,L4H0,5,4,1,-0.00016857574237860717,0.00016857574237860717,0.03602282702922821,0.036967769265174866,0.0,0.03675130009651184,0.0,0.036967769265174866,1.4613595008850098,-1.001149824820459
ioi_C5_walsh,ioi,L10H7,L11H1,10,11,1,-0.01409076677728649,0.01409076677728649,0.05974118411540985,0.037124019116163254,0.037124019116163254,0.0,0.02552664279937744,0.0,1.4303604364395142,-1.001149824820459
ioi_C5_walsh,ioi,L10H7,L8H6,10,8,2,-0.001677106344487811,0.001677106344487811,0.03108406625688076,0.047174397855997086,0.0,0.047174397855997086,0.0,0.025383764877915382,1.4935964345932007,-1.001149824820459
ioi_C5_walsh,ioi,L10H7,L8H10,10,8,2,-0.06936251328008325,0.06936251328008325,0.04684540256857872,0.06196357682347298,0.0,0.06196357682347298,0.0,0.02966020256280899,1.4820867776870728,-1.001149824820459
ioi_C5_walsh,ioi,L10H7,L0H9,10,0,10,-0.003005768902227146,0.003005768902227146,0.03251783549785614,0.059717413038015366,0.0,0.03723469749093056,0.0,0.059717413038015366,1.49124276638031,-1.001149824820459
ioi_C5_walsh,ioi,L10H7,L7H9,10,7,3,-0.05202332841420798,0.05202332841420798,0.043211694806814194,0.03752896189689636,0.0,0.03752896189689636,0.0,0.023721283301711082,1.4981220960617065,-1.001149824820459
ioi_C5_walsh,ioi,L10H7,L0H3,10,0,10,-0.013956652037990125,0.013956652037990125,0.028920555487275124,0.05185720697045326,0.0,0.03173144534230232,0.0,0.05185720697045326,1.5016895532608032,-1.001149824820459
ioi_C5_walsh,ioi,L10H7,L6H9,10,6,4,-0.010167403571614386,0.010167403571614386,0.05378013104200363,0.05877566337585449,0.0,0.05877566337585449,0.0,0.028095928952097893,1.5137208700180054,-1.001149824820459
ioi_C5_walsh,ioi,L10H7,L10H1,10,10,0,-0.0028333705223246852,0.0028333705223246852,0.068050317466259,0.0,0.0,0.0,0.0,0.0,1.3817832469940186,-1.001149824820459
ioi_C5_walsh,ioi,L10H7,L11H2,10,11,1,-0.006545122922744895,0.006545122922744895,0.07436636090278625,0.03962340205907822,0.03962340205907822,0.0,0.023200351744890213,0.0,1.390796422958374,-1.001149824820459
ioi_C5_walsh,ioi,L10H7,L10H10,10,10,0,-0.009395795195160872,0.009395795195160872,0.0872178003191948,0.0,0.0,0.0,0.0,0.0,1.282944917678833,-1.001149824820459
ioi_C5_walsh,ioi,L10H7,L3H0,10,3,7,-0.01819754978296828,0.01819754978296828,0.031011462211608887,0.04939347505569458,0.0,0.04327823966741562,0.0,0.04939347505569458,1.5081570148468018,-1.001149824820459
ioi_C5_walsh,ioi,L10H7,L11H10,10,11,1,0.1311579554466391,0.1311579554466391,0.07081249356269836,0.06502461433410645,0.06502461433410645,0.0,0.02107939124107361,0.0,1.3176732063293457,-1.001149824820459
ioi_C5_walsh,ioi,L10H7,L4H0,10,4,6,-0.00019579772728661737,0.00019579772728661737,0.03683215752243996,0.03630220517516136,0.0,0.03630220517516136,0.0,0.029865119606256485,1.5138440132141113,-1.001149824820459
ioi_C5_walsh,ioi,L11H1,L8H6,11,8,3,0.0005821947334823108,0.0005821947334823108,0.037012893706560135,0.045116323977708817,0.0,0.045116323977708817,0.0,0.0345054566860199,1.5094935894012451,-1.001149824820459
ioi_C5_walsh,ioi,L11H1,L8H10,11,8,3,0.005899515831430335,0.005899515831430335,0.038056954741477966,0.05838853493332863,0.0,0.05838853493332863,0.0,0.04029754921793938,1.4771857261657715,-1.001149824820459
ioi_C5_walsh,ioi,L11H1,L0H9,11,0,11,-2.572183248616966e-05,2.572183248616966e-05,0.033120859414339066,0.0631733387708664,0.0,0.0473305881023407,0.0,0.0631733387708664,1.4861400127410889,-1.001149824820459
ioi_C5_walsh,ioi,L11H1,L7H9,11,7,4,0.004931924892360939,0.004931924892360939,0.03548326715826988,0.04342500865459442,0.0,0.04342500865459442,0.0,0.03329367935657501,1.5074002742767334,-1.001149824820459
ioi_C5_walsh,ioi,L11H1,L0H3,11,0,11,-0.001760263595286915,0.001760263595286915,0.028511855751276016,0.040586069226264954,0.0,0.036969348788261414,0.0,0.040586069226264954,1.5109920501708984,-1.001149824820459
ioi_C5_walsh,ioi,L11H1,L6H9,11,6,5,0.00012162727497866399,0.00012162727497866399,0.039562612771987915,0.054959725588560104,0.0,0.054959725588560104,0.0,0.034978535026311874,1.490962028503418,-1.001149824820459
ioi_C5_walsh,ioi,L11H1,L10H1,11,10,1,0.00032355902024505667,0.00032355902024505667,0.05438416078686714,0.030563393607735634,0.0,0.030563393607735634,0.0,0.028261393308639526,1.3961464166641235,-1.001149824820459
ioi_C5_walsh,ioi,L11H1,L11H2,11,11,0,-3.004377745696729e-05,3.004377745696729e-05,0.05461524426937103,0.0,0.0,0.0,0.0,0.0,1.4392483234405518,-1.001149824820459
ioi_C5_walsh,ioi,L11H1,L10H10,11,10,1,0.0009056501757811475,0.0009056501757811475,0.05343940854072571,0.02549171820282936,0.0,0.024331945925951004,0.0,0.02549171820282936,1.4490894079208374,-1.001149824820459
ioi_C5_walsh,ioi,L11H1,L3H0,11,3,8,0.0011897985734492522,0.0011897985734492522,0.030643360689282417,0.04992486909031868,0.0,0.04992486909031868,0.0,0.04494369029998779,1.5031346082687378,-1.001149824820459
ioi_C5_walsh,ioi,L11H1,L11H10,11,11,0,-0.0002993712793966097,0.0002993712793966097,0.05435313656926155,0.0,0.0,0.0,0.0,0.0,1.4381067752838135,-1.001149824820459
ioi_C5_walsh,ioi,L11H1,L4H0,11,4,7,2.1117886632282534e-05,2.1117886632282534e-05,0.035393111407756805,0.038885168731212616,0.0,0.034965600818395615,0.0,0.038885168731212616,1.48977792263031,-1.001149824820459
ioi_C5_walsh,ioi,L8H6,L8H10,8,8,0,0.004378180226837003,0.004378180226837003,0.05177094787359238,0.0,0.0,0.0,0.0,0.0,1.45042085647583,-1.001149824820459
ioi_C5_walsh,ioi,L8H6,L0H9,8,0,8,0.00042196212595513316,0.00042196212595513316,0.0343472994863987,0.050514381378889084,0.0,0.038966868072748184,0.0,0.050514381378889084,1.49490225315094,-1.001149824820459
ioi_C5_walsh,ioi,L8H6,L7H9,8,7,1,-0.00045708417727041706,0.00045708417727041706,0.03951385244727135,0.04742962121963501,0.0,0.04742962121963501,0.0,0.041693370789289474,1.4639819860458374,-1.001149824820459
ioi_C5_walsh,ioi,L8H6,L0H3,8,0,8,0.007486301027853415,0.007486301027853415,0.035534750670194626,0.033528175204992294,0.0,0.031879350543022156,0.0,0.033528175204992294,1.482835292816162,-1.001149824820459
ioi_C5_walsh,ioi,L8H6,L6H9,8,6,2,0.013665412740209604,0.013665412740209604,0.04456452652812004,0.04445057734847069,0.0,0.04445057734847069,0.0,0.029208937659859657,1.4658738374710083,-1.001149824820459
ioi_C5_walsh,ioi,L8H6,L10H1,8,10,2,5.946781212173846e-05,5.946781212173846e-05,0.034588076174259186,0.05008916184306145,0.05008916184306145,0.0,0.032883599400520325,0.0,1.4975886344909668,-1.001149824820459
ioi_C5_walsh,ioi,L8H6,L11H2,8,11,3,-0.0013060495788579374,0.0013060495788579374,0.028869597241282463,0.0449204184114933,0.0449204184114933,0.0,0.03067280538380146,0.0,1.5169274806976318,-1.001149824820459
ioi_C5_walsh,ioi,L8H6,L10H10,8,10,2,-0.00013317557036884864,0.00013317557036884864,0.03418829292058945,0.0501006618142128,0.0501006618142128,0.0,0.03465632349252701,0.0,1.5011695623397827,-1.001149824820459
ioi_C5_walsh,ioi,L8H6,L3H0,8,3,5,0.010352031538644724,0.010352031538644724,0.04139656573534012,0.04167627543210983,0.0,0.04167627543210983,0.0,0.03681723400950432,1.4837727546691895,-1.001149824820459
ioi_C5_walsh,ioi,L8H6,L11H10,8,11,3,-0.0025584802696982933,0.0025584802696982933,0.03422873094677925,0.043968573212623596,0.043968573212623596,0.0,0.02806139923632145,0.0,1.5033314228057861,-1.001149824820459
ioi_C5_walsh,ioi,L8H6,L4H0,8,4,4,-2.0902562567925997e-05,2.0902562567925997e-05,0.03601902350783348,0.043364062905311584,0.0,0.043364062905311584,0.0,0.042048245668411255,1.506542682647705,-1.001149824820459
ioi_C5_walsh,ioi,L8H10,L0H9,8,0,8,0.0010163500272994952,0.0010163500272994952,0.03516080230474472,0.07224871218204498,0.0,0.061920471489429474,0.0,0.07224871218204498,1.4929746389389038,-1.001149824820459
ioi_C5_walsh,ioi,L8H10,L7H9,8,7,1,-0.02909487137443989,0.02909487137443989,0.04722345992922783,0.05355146899819374,0.0,0.05355146899819374,0.0,0.03638794645667076,1.418185830116272,-1.001149824820459
ioi_C5_walsh,ioi,L8H10,L0H3,8,0,8,0.00938719326754267,0.00938719326754267,0.037666548043489456,0.038549937307834625,0.0,0.03424782305955887,0.0,0.038549937307834625,1.4759238958358765,-1.001149824820459
ioi_C5_walsh,ioi,L8H10,L6H9,8,6,2,0.004577043782688861,0.004577043782688861,0.056445542722940445,0.055773742496967316,0.0,0.055773742496967316,0.0,0.03717478737235069,1.390357494354248,-1.001149824820459
ioi_C5_walsh,ioi,L8H10,L10H1,8,10,2,0.01224192522997214,0.01224192522997214,0.03489747270941734,0.07001031935214996,0.07001031935214996,0.0,0.03895485773682594,0.0,1.490911602973938,-1.001149824820459
ioi_C5_walsh,ioi,L8H10,L11H2,8,11,3,-0.006765110051190959,0.006765110051190959,0.0335518904030323,0.059179581701755524,0.059179581701755524,0.0,0.034138791263103485,0.0,1.4899390935897827,-1.001149824820459
ioi_C5_walsh,ioi,L8H10,L10H10,8,10,2,0.0063106118596181204,0.0063106118596181204,0.037710342556238174,0.06790903955698013,0.06790903955698013,0.0,0.042101774364709854,0.0,1.4696142673492432,-1.001149824820459
ioi_C5_walsh,ioi,L8H10,L3H0,8,3,5,0.01756382408566992,0.01756382408566992,0.05158326402306557,0.05148838832974434,0.0,0.04740072041749954,0.0,0.05148838832974434,1.4294555187225342,-1.001149824820459
ioi_C5_walsh,ioi,L8H10,L11H10,8,11,3,-0.03519923640422462,0.03519923640422462,0.03877067193388939,0.05371010676026344,0.05371010676026344,0.0,0.03207538649439812,0.0,1.4707615375518799,-1.001149824820459
ioi_C5_walsh,ioi,L8H10,L4H0,8,4,4,-0.0004370779214752929,0.0004370779214752929,0.03574322536587715,0.044919248670339584,0.0,0.044919248670339584,0.0,0.040403373539447784,1.4976693391799927,-1.001149824820459
ioi_C5_walsh,ioi,L0H9,L7H9,0,7,7,0.000627187506069049,0.000627187506069049,0.03673138469457626,0.08427929133176804,0.05760575085878372,0.0,0.08427929133176804,0.0,1.487760305404663,-1.001149824820459
ioi_C5_walsh,ioi,L0H9,L0H3,0,0,0,-0.000758990294883688,0.000758990294883688,0.051835186779499054,0.0,0.0,0.0,0.0,0.0,1.441412091255188,-1.001149824820459
ioi_C5_walsh,ioi,L0H9,L6H9,0,6,6,3.583672113904868e-05,3.583672113904868e-05,0.0373968780040741,0.03440131992101669,0.03440131992101669,0.0,0.03227346017956734,0.0,1.4876211881637573,-1.001149824820459
ioi_C5_walsh,ioi,L0H9,L10H1,0,10,10,4.912625087172273e-06,4.912625087172273e-06,0.031009813770651817,0.06879155337810516,0.04322117194533348,0.0,0.06879155337810516,0.0,1.5037407875061035,-1.001149824820459
ioi_C5_walsh,ioi,L0H9,L11H2,0,11,11,-7.393466935923243e-05,7.393466935923243e-05,0.03238217532634735,0.07091198116540909,0.04607550799846649,0.0,0.07091198116540909,0.0,1.4897292852401733,-1.001149824820459
ioi_C5_walsh,ioi,L0H9,L10H10,0,10,10,0.00015132736152168036,0.00015132736152168036,0.03605462610721588,0.06866452842950821,0.045962024480104446,0.0,0.06866452842950821,0.0,1.4847564697265625,-1.001149824820459
ioi_C5_walsh,ioi,L0H9,L3H0,0,3,3,0.0009551764107698091,0.0009551764107698091,0.03944271802902222,0.040149785578250885,0.03768616169691086,0.0,0.040149785578250885,0.0,1.4785605669021606,-1.001149824820459
ioi_C5_walsh,ioi,L0H9,L11H10,0,11,11,-0.0012467185996172248,0.0012467185996172248,0.03482276573777199,0.07518593221902847,0.05019548907876015,0.0,0.07518593221902847,0.0,1.4954233169555664,-1.001149824820459
ioi_C5_walsh,ioi,L0H9,L4H0,0,4,4,-0.0002363066426767091,0.0002363066426767091,0.03785756230354309,0.08507465571165085,0.046255748718976974,0.0,0.08507465571165085,0.0,1.482322096824646,-1.001149824820459
ioi_C5_walsh,ioi,L7H9,L0H3,7,0,7,0.008102682006125406,0.008102682006125406,0.03768542408943176,0.03974905237555504,0.0,0.033607542514801025,0.0,0.03974905237555504,1.4753167629241943,-1.001149824820459
ioi_C5_walsh,ioi,L7H9,L6H9,7,6,1,0.008905263440254885,0.008905263440254885,0.047848112881183624,0.04802725836634636,0.0,0.04802725836634636,0.0,0.03288185968995094,1.4229249954223633,-1.001149824820459
ioi_C5_walsh,ioi,L7H9,L10H1,7,10,3,0.010741935094785049,0.010741935094785049,0.03243527561426163,0.04922335222363472,0.04922335222363472,0.0,0.03397142142057419,0.0,1.505124807357788,-1.001149824820459
ioi_C5_walsh,ioi,L7H9,L11H2,7,11,4,-0.004710934085125018,0.004710934085125018,0.03384363278746605,0.04360448196530342,0.04360448196530342,0.0,0.028999201953411102,0.0,1.5198466777801514,-1.001149824820459
ioi_C5_walsh,ioi,L7H9,L10H10,7,10,3,0.009167704573400215,0.009167704573400215,0.036962464451789856,0.04883796349167824,0.04883796349167824,0.0,0.03486993536353111,0.0,1.5065003633499146,-1.001149824820459
ioi_C5_walsh,ioi,L7H9,L3H0,7,3,4,0.012480621627418031,0.012480621627418031,0.0384371243417263,0.04163878411054611,0.0,0.041083924472332,0.0,0.04163878411054611,1.4739844799041748,-1.001149824820459
ioi_C5_walsh,ioi,L7H9,L11H10,7,11,4,-0.032747665028722395,0.032747665028722395,0.042265329509973526,0.039297815412282944,0.039297815412282944,0.0,0.026424791663885117,0.0,1.4747381210327148,-1.001149824820459
ioi_C5_walsh,ioi,L7H9,L4H0,7,4,3,-2.8409526379391536e-05,2.8409526379391536e-05,0.04150597006082535,0.03999205306172371,0.0,0.03999205306172371,0.0,0.035938240587711334,1.437183141708374,-1.001149824820459
ioi_C5_walsh,ioi,L0H3,L6H9,0,6,6,0.0029482779408738224,0.0029482779408738224,0.03556037321686745,0.03644130006432533,0.03644130006432533,0.0,0.0265389084815979,0.0,1.4874821901321411,-1.001149824820459
ioi_C5_walsh,ioi,L0H3,L10H1,0,10,10,-0.003876344520023167,0.003876344520023167,0.030207538977265358,0.03955335170030594,0.03691638633608818,0.0,0.03955335170030594,0.0,1.4967191219329834,-1.001149824820459
ioi_C5_walsh,ioi,L0H3,L11H2,0,11,11,2.356690632154823e-05,2.356690632154823e-05,0.027738001197576523,0.04648873582482338,0.035729896277189255,0.0,0.04648873582482338,0.0,1.5096631050109863,-1.001149824820459
ioi_C5_walsh,ioi,L0H3,L10H10,0,10,10,0.001070810077663964,0.001070810077663964,0.03299655020236969,0.04052900895476341,0.036318711936473846,0.0,0.04052900895476341,0.0,1.5051401853561401,-1.001149824820459
ioi_C5_walsh,ioi,L0H3,L3H0,0,3,3,-0.0022381249713987472,0.0022381249713987472,0.03667926415801048,0.03904769569635391,0.035679057240486145,0.0,0.03904769569635391,0.0,1.4830230474472046,-1.001149824820459
ioi_C5_walsh,ioi,L0H3,L11H10,0,11,11,-0.008883023194044881,0.008883023194044881,0.03609999269247055,0.05153704434633255,0.03252055123448372,0.0,0.05153704434633255,0.0,1.4933059215545654,-1.001149824820459
ioi_C5_walsh,ioi,L0H3,L4H0,0,4,4,0.0003793298207881435,0.0003793298207881435,0.03597595915198326,0.03866824507713318,0.029025854542851448,0.0,0.03866824507713318,0.0,1.4882959127426147,-1.001149824820459
ioi_C5_walsh,ioi,L6H9,L10H1,6,10,4,0.0006679024934612698,0.0006679024934612698,0.037939272820949554,0.05940550938248634,0.05940550938248634,0.0,0.032513577491045,0.0,1.4949088096618652,-1.001149824820459
ioi_C5_walsh,ioi,L6H9,L11H2,6,11,5,-0.0009213144791431205,0.0009213144791431205,0.03741024062037468,0.05624093860387802,0.05624093860387802,0.0,0.031719084829092026,0.0,1.5172702074050903,-1.001149824820459
ioi_C5_walsh,ioi,L6H9,L10H10,6,10,4,0.00109257351707015,0.00109257351707015,0.0438460148870945,0.05722646415233612,0.05722646415233612,0.0,0.03509070351719856,0.0,1.5055372714996338,-1.001149824820459
ioi_C5_walsh,ioi,L6H9,L3H0,6,3,3,0.002399244849328852,0.002399244849328852,0.05291644483804703,0.04406042769551277,0.0,0.04406042769551277,0.0,0.021494533866643906,1.3813579082489014,-1.001149824820459
ioi_C5_walsh,ioi,L6H9,L11H10,6,11,5,-0.005930647277608614,0.005930647277608614,0.04103473946452141,0.05349137634038925,0.05349137634038925,0.0,0.02904055081307888,0.0,1.5117993354797363,-1.001149824820459
ioi_C5_walsh,ioi,L6H9,L4H0,6,4,2,-0.0005730788287507949,0.0005730788287507949,0.03683796897530556,0.03862718120217323,0.0,0.03862718120217323,0.0,0.037133291363716125,1.4763983488082886,-1.001149824820459
ioi_C5_walsh,ioi,L10H1,L11H2,10,11,1,0.00011687163024021174,0.00011687163024021174,0.06189347058534622,0.027554085478186607,0.025549693033099174,0.0,0.027554085478186607,0.0,1.432653546333313,-1.001149824820459
ioi_C5_walsh,ioi,L10H1,L10H10,10,10,0,0.0011236950461182005,0.0011236950461182005,0.0511149987578392,0.0,0.0,0.0,0.0,0.0,1.4373931884765625,-1.001149824820459
ioi_C5_walsh,ioi,L10H1,L3H0,10,3,7,0.002866680306425451,0.002866680306425451,0.02522404119372368,0.05472014099359512,0.0,0.05472014099359512,0.0,0.04513179883360863,1.5196683406829834,-1.001149824820459
ioi_C5_walsh,ioi,L10H1,L11H10,10,11,1,-0.012292262478268867,0.012292262478268867,0.053367551416158676,0.03886952996253967,0.03886952996253967,0.0,0.024296335875988007,0.0,1.4320411682128906,-1.001149824820459
ioi_C5_walsh,ioi,L10H1,L4H0,10,4,6,-0.00010035168170929865,0.00010035168170929865,0.035461533814668655,0.04196697473526001,0.0,0.03698020428419113,0.0,0.04196697473526001,1.5027817487716675,-1.001149824820459
ioi_C5_walsh,ioi,L11H2,L10H10,11,10,1,-0.006823240303589273,0.006823240303589273,0.058874066919088364,0.029474686831235886,0.0,0.029474686831235886,0.0,0.02433290332555771,1.4167022705078125,-1.001149824820459
ioi_C5_walsh,ioi,L11H2,L3H0,11,3,8,-0.0013727624346131506,0.0013727624346131506,0.021935611963272095,0.05068046227097511,0.0,0.05068046227097511,0.0,0.04481744393706322,1.5210258960723877,-1.001149824820459
ioi_C5_walsh,ioi,L11H2,L11H10,11,11,0,-0.0007720143346148234,0.0007720143346148234,0.06738010793924332,0.0,0.0,0.0,0.0,0.0,1.3834037780761719,-1.001149824820459
ioi_C5_walsh,ioi,L11H2,L4H0,11,4,7,0.00010720916728246266,0.00010720916728246266,0.03301293030381203,0.03461678326129913,0.0,0.03356609866023064,0.0,0.03461678326129913,1.508056640625,-1.001149824820459
ioi_C5_walsh,ioi,L10H10,L3H0,10,3,7,0.004399742672916318,0.004399742672916318,0.04175395146012306,0.05285493656992912,0.0,0.05285493656992912,0.0,0.04833029583096504,1.5062501430511475,-1.001149824820459
ioi_C5_walsh,ioi,L10H10,L11H10,10,11,1,-0.04416324728512677,0.04416324728512677,0.06393522769212723,0.049906663596630096,0.049906663596630096,0.0,0.024061692878603935,0.0,1.323834776878357,-1.001149824820459
ioi_C5_walsh,ioi,L10H10,L4H0,10,4,6,-0.000133961580417008,0.000133961580417008,0.0369160920381546,0.04121921956539154,0.0,0.03431955352425575,0.0,0.04121921956539154,1.5038785934448242,-1.001149824820459
ioi_C5_walsh,ioi,L3H0,L11H10,3,11,8,-0.010479178485496732,0.010479178485496732,0.029763542115688324,0.046624183654785156,0.04029680788516998,0.0,0.046624183654785156,0.0,1.509629249572754,-1.001149824820459
ioi_C5_walsh,ioi,L3H0,L4H0,3,4,1,0.0005145887992341613,0.0005145887992341613,0.03825556859374046,0.03406526893377304,0.03406526893377304,0.0,0.03339618071913719,0.0,1.4896845817565918,-1.001149824820459
ioi_C5_walsh,ioi,L11H10,L4H0,11,4,7,0.00019339436775567265,0.00019339436775567265,0.03697260469198227,0.03920092433691025,0.0,0.03920092433691025,0.0,0.03165015950798988,1.4959242343902588,-1.001149824820459
ioi_C6_epistatic,ioi,L5H5,L8H6,5,8,3,0.0039797357978272885,0.0039797357978272885,0.03780685365200043,0.04632627218961716,0.04632627218961716,0.0,0.037613287568092346,0.0,1.4931895732879639,1.8493879260495305
ioi_C6_epistatic,ioi,L5H5,L11H10,5,11,6,-0.006495885808647017,0.006495885808647017,0.027898168191313744,0.0445619635283947,0.0445619635283947,0.0,0.04049886390566826,0.0,1.5095211267471313,1.8493879260495305
ioi_C6_epistatic,ioi,L5H5,L10H7,5,10,5,-0.007622148124937667,0.007622148124937667,0.02411249652504921,0.04810545966029167,0.04810545966029167,0.0,0.041813284158706665,0.0,1.5316016674041748,1.8493879260495305
ioi_C6_epistatic,ioi,L5H5,L6H9,5,6,1,-0.010748947911110918,0.010748947911110918,0.08388687670230865,0.04009952023625374,0.04009952023625374,0.0,0.01966671086847782,0.0,1.085152268409729,1.8493879260495305
ioi_C6_epistatic,ioi,L5H5,L0H10,5,0,5,-0.009574010305072989,0.009574010305072989,0.037508971989154816,0.036752864718437195,0.0,0.036752864718437195,0.0,0.029406234622001648,1.4686208963394165,1.8493879260495305
ioi_C6_epistatic,ioi,L5H5,L0H1,5,0,5,0.006765710877061792,0.006765710877061792,0.03743470087647438,0.04432504251599312,0.0,0.04432504251599312,0.0,0.02740604616701603,1.4878528118133545,1.8493879260495305
ioi_C6_epistatic,ioi,L5H5,L10H0,5,10,5,0.0012896719671857682,0.0012896719671857682,0.019662462174892426,0.055515825748443604,0.055515825748443604,0.0,0.04795633256435394,0.0,1.5286626815795898,1.8493879260495305
ioi_C6_epistatic,ioi,L5H5,L5H9,5,5,0,0.020769455130221104,0.020769455130221104,0.10694418102502823,0.0,0.0,0.0,0.0,0.0,0.9993587732315063,1.8493879260495305
ioi_C6_epistatic,ioi,L5H5,L8H10,5,8,3,0.0027155391788937777,0.0027155391788937777,0.057227618992328644,0.05592759698629379,0.055108584463596344,0.0,0.05592759698629379,0.0,1.382524013519287,1.8493879260495305
ioi_C6_epistatic,ioi,L5H5,L11H2,5,11,6,-0.0005690230373716076,0.0005690230373716076,0.021087754517793655,0.05222652480006218,0.05222652480006218,0.0,0.04418528079986572,0.0,1.5150725841522217,1.8493879260495305
ioi_C6_epistatic,ioi,L5H5,L9H9,5,9,4,0.0018286515454519758,0.0018286515454519758,0.02103860303759575,0.054686203598976135,0.054686203598976135,0.0,0.04436175897717476,0.0,1.5336217880249023,1.8493879260495305
ioi_C6_epistatic,ioi,L5H5,L0H9,5,0,5,0.00039829166087201884,0.00039829166087201884,0.03737926110625267,0.0364801362156868,0.0,0.0364801362156868,0.0,0.031093573197722435,1.4818134307861328,1.8493879260495305
ioi_C6_epistatic,ioi,L5H5,L7H9,5,7,2,0.003958002435524577,0.003958002435524577,0.0431637167930603,0.04568501561880112,0.04443218186497688,0.0,0.04568501561880112,0.0,1.4467064142227173,1.8493879260495305
ioi_C6_epistatic,ioi,L5H5,L4H0,5,4,1,0.00011251635498865653,0.00011251635498865653,0.03602282702922821,0.036967769265174866,0.0,0.03675130009651184,0.0,0.036967769265174866,1.4613595008850098,1.8493879260495305
ioi_C6_epistatic,ioi,L8H6,L11H10,8,11,3,-0.0034682110961057333,0.0034682110961057333,0.03422873094677925,0.043968573212623596,0.043968573212623596,0.0,0.02806139923632145,0.0,1.5033314228057861,1.8493879260495305
ioi_C6_epistatic,ioi,L8H6,L10H7,8,10,2,0.0016730073882058605,0.0016730073882058605,0.031084058806300163,0.047174397855997086,0.047174397855997086,0.0,0.025383764877915382,0.0,1.4935964345932007,1.8493879260495305
ioi_C6_epistatic,ioi,L8H6,L6H9,8,6,2,0.009087728009887996,0.009087728009887996,0.04456452652812004,0.04445057734847069,0.0,0.04445057734847069,0.0,0.029208937659859657,1.4658738374710083,1.8493879260495305
ioi_C6_epistatic,ioi,L8H6,L0H10,8,0,8,-0.0008164434938748855,0.0008164434938748855,0.03427179157733917,0.043425776064395905,0.0,0.03598882257938385,0.0,0.043425776064395905,1.48402738571167,1.8493879260495305
ioi_C6_epistatic,ioi,L8H6,L0H1,8,0,8,0.007212825994940886,0.007212825994940886,0.03323647379875183,0.034252360463142395,0.0,0.03162980452179909,0.0,0.034252360463142395,1.486412763595581,1.8493879260495305
ioi_C6_epistatic,ioi,L8H6,L10H0,8,10,2,0.007167610005808456,0.007167610005808456,0.028129110112786293,0.049099527299404144,0.049099527299404144,0.0,0.030351970344781876,0.0,1.51417875289917,1.8493879260495305
ioi_C6_epistatic,ioi,L8H6,L5H9,8,5,3,-0.01132369184762183,0.01132369184762183,0.04435504227876663,0.051241371780633926,0.0,0.051241371780633926,0.0,0.0429924838244915,1.4730280637741089,1.8493879260495305
ioi_C6_epistatic,ioi,L8H6,L8H10,8,8,0,0.0054147608186099205,0.0054147608186099205,0.05177094787359238,0.0,0.0,0.0,0.0,0.0,1.45042085647583,1.8493879260495305
ioi_C6_epistatic,ioi,L8H6,L11H2,8,11,3,-0.001390845617265768,0.001390845617265768,0.028869597241282463,0.0449204184114933,0.0449204184114933,0.0,0.03067280538380146,0.0,1.5169274806976318,1.8493879260495305
ioi_C6_epistatic,ioi,L8H6,L9H9,8,9,1,-0.003516864669165898,0.003516864669165898,0.02867945097386837,0.050410714000463486,0.050410714000463486,0.0,0.03154027834534645,0.0,1.508054494857788,1.8493879260495305
ioi_C6_epistatic,ioi,L8H6,L0H9,8,0,8,5.8445460979328345e-05,5.8445460979328345e-05,0.0343472994863987,0.050514381378889084,0.0,0.038966868072748184,0.0,0.050514381378889084,1.49490225315094,1.8493879260495305
ioi_C6_epistatic,ioi,L8H6,L7H9,8,7,1,0.00046714420074067675,0.00046714420074067675,0.03951385244727135,0.04742962121963501,0.0,0.04742962121963501,0.0,0.041693370789289474,1.4639819860458374,1.8493879260495305
ioi_C6_epistatic,ioi,L8H6,L4H0,8,4,4,-0.0001438969117657507,0.0001438969117657507,0.03601902350783348,0.043364062905311584,0.0,0.043364062905311584,0.0,0.042048245668411255,1.506542682647705,1.8493879260495305
ioi_C6_epistatic,ioi,L11H10,L10H7,11,10,1,0.08343515052496286,0.08343515052496286,0.07081250101327896,0.06502461433410645,0.0,0.06502461433410645,0.0,0.02107939124107361,1.3176732063293457,1.8493879260495305
ioi_C6_epistatic,ioi,L11H10,L6H9,11,6,5,-0.003258241227911185,0.003258241227911185,0.0410347506403923,0.05349137634038925,0.0,0.05349137634038925,0.0,0.02904055081307888,1.5117993354797363,1.8493879260495305
ioi_C6_epistatic,ioi,L11H10,L0H10,11,0,11,-0.003130496039773334,0.003130496039773334,0.03295085206627846,0.06004267558455467,0.0,0.03826005756855011,0.0,0.06004267558455467,1.5105266571044922,1.8493879260495305
ioi_C6_epistatic,ioi,L11H10,L0H1,11,0,11,-0.046540617171615395,0.046540617171615395,0.038210686296224594,0.059708110988140106,0.0,0.03276482969522476,0.0,0.059708110988140106,1.4757511615753174,1.8493879260495305
ioi_C6_epistatic,ioi,L11H10,L10H0,11,10,1,-0.036378966732286244,0.036378966732286244,0.05312829837203026,0.044804975390434265,0.0,0.044804975390434265,0.0,0.021766066551208496,1.4401443004608154,1.8493879260495305
ioi_C6_epistatic,ioi,L11H10,L5H9,11,5,6,0.0058475711525147744,0.0058475711525147744,0.029806414619088173,0.044303324073553085,0.0,0.044303324073553085,0.0,0.0392475388944149,1.5115489959716797,1.8493879260495305
ioi_C6_epistatic,ioi,L11H10,L8H10,11,8,3,-0.03807627700228977,0.03807627700228977,0.03877067565917969,0.05371010676026344,0.0,0.05371010676026344,0.0,0.03207538649439812,1.4707615375518799,1.8493879260495305
ioi_C6_epistatic,ioi,L11H10,L11H2,11,11,0,-0.00036960014995202073,0.00036960014995202073,0.06738010048866272,0.0,0.0,0.0,0.0,0.0,1.3834037780761719,1.8493879260495305
ioi_C6_epistatic,ioi,L11H10,L9H9,11,9,2,-0.08786587609262142,0.08786587609262142,0.06944552063941956,0.05966104194521904,0.0,0.05966104194521904,0.0,0.01472514122724533,1.3400334119796753,1.8493879260495305
ioi_C6_epistatic,ioi,L11H10,L0H9,11,0,11,-0.0013053955491955094,0.0013053955491955094,0.034822750836610794,0.07518593221902847,0.0,0.05019548907876015,0.0,0.07518593221902847,1.4954233169555664,1.8493879260495305
ioi_C6_epistatic,ioi,L11H10,L7H9,11,7,4,-0.035656210228069085,0.035656210228069085,0.042265329509973526,0.039297815412282944,0.0,0.039297815412282944,0.0,0.026424791663885117,1.4747381210327148,1.8493879260495305
ioi_C6_epistatic,ioi,L11H10,L4H0,11,4,7,7.895918321310091e-05,7.895918321310091e-05,0.03697260469198227,0.03920092433691025,0.0,0.03920092433691025,0.0,0.03165015950798988,1.4959242343902588,1.8493879260495305
ioi_C6_epistatic,ioi,L10H7,L6H9,10,6,4,-0.003854285797274315,0.003854285797274315,0.05378013104200363,0.05877566337585449,0.0,0.05877566337585449,0.0,0.028095928952097893,1.5137208700180054,1.8493879260495305
ioi_C6_epistatic,ioi,L10H7,L0H10,10,0,10,-0.005997705004233467,0.005997705004233467,0.029286423698067665,0.051969364285469055,0.0,0.03580663725733757,0.0,0.051969364285469055,1.5189063549041748,1.8493879260495305
ioi_C6_epistatic,ioi,L10H7,L0H1,10,0,10,-0.024412907267560513,0.024412907267560513,0.026382077485322952,0.05691380426287651,0.0,0.0320344939827919,0.0,0.05691380426287651,1.5069036483764648,1.8493879260495305
ioi_C6_epistatic,ioi,L10H7,L10H0,10,10,0,0.0002933043639927746,0.0002933043639927746,0.06749296188354492,0.0,0.0,0.0,0.0,0.0,1.4032416343688965,1.8493879260495305
ioi_C6_epistatic,ioi,L10H7,L5H9,10,5,5,0.006636166371322361,0.006636166371322361,0.02806892804801464,0.04617372155189514,0.0,0.04617372155189514,0.0,0.04027285426855087,1.5191524028778076,1.8493879260495305
ioi_C6_epistatic,ioi,L10H7,L8H10,10,8,2,-0.06739352118700026,0.06739352118700026,0.04684540256857872,0.06196357682347298,0.0,0.06196357682347298,0.0,0.02966020256280899,1.4820867776870728,1.8493879260495305
ioi_C6_epistatic,ioi,L10H7,L11H2,10,11,1,-0.0016365111594609516,0.0016365111594609516,0.07436636090278625,0.03962340205907822,0.03962340205907822,0.0,0.023200351744890213,0.0,1.390796422958374,1.8493879260495305
ioi_C6_epistatic,ioi,L10H7,L9H9,10,9,1,-0.34155339062010626,0.34155339062010626,0.09189856797456741,0.06432172656059265,0.0,0.06432172656059265,0.0,0.017131416127085686,1.1778701543807983,1.8493879260495305
ioi_C6_epistatic,ioi,L10H7,L0H9,10,0,10,-0.002727663592168028,0.002727663592168028,0.03251783549785614,0.059717413038015366,0.0,0.03723469749093056,0.0,0.059717413038015366,1.49124276638031,1.8493879260495305
ioi_C6_epistatic,ioi,L10H7,L7H9,10,7,3,-0.04531592368471138,0.04531592368471138,0.043211694806814194,0.03752896189689636,0.0,0.03752896189689636,0.0,0.023721283301711082,1.4981220960617065,1.8493879260495305
ioi_C6_epistatic,ioi,L10H7,L4H0,10,4,6,-0.00046330941142969095,0.00046330941142969095,0.03683215752243996,0.03630220517516136,0.0,0.03630220517516136,0.0,0.029865119606256485,1.5138440132141113,1.8493879260495305
ioi_C6_epistatic,ioi,L6H9,L0H10,6,0,6,0.0018813529550243402,0.0018813529550243402,0.03670327365398407,0.03948940709233284,0.0,0.03948940709233284,0.0,0.030309082940220833,1.4804110527038574,1.8493879260495305
ioi_C6_epistatic,ioi,L6H9,L0H1,6,0,6,0.007155734363323063,0.007155734363323063,0.03726053610444069,0.047001905739307404,0.0,0.047001905739307404,0.0,0.027921676635742188,1.4844987392425537,1.8493879260495305
ioi_C6_epistatic,ioi,L6H9,L10H0,6,10,4,0.0012474460033331525,0.0012474460033331525,0.029713086783885956,0.0582430437207222,0.0582430437207222,0.0,0.03205595910549164,0.0,1.528021216392517,1.8493879260495305
ioi_C6_epistatic,ioi,L6H9,L5H9,6,5,1,0.010467221980320573,0.010467221980320573,0.07480122894048691,0.03194526210427284,0.0,0.03194526210427284,0.0,0.024730654433369637,1.233457088470459,1.8493879260495305
ioi_C6_epistatic,ioi,L6H9,L8H10,6,8,2,0.001809912820590398,0.001809912820590398,0.05644553154706955,0.055773742496967316,0.055773742496967316,0.0,0.03717478737235069,0.0,1.390357494354248,1.8493879260495305
ioi_C6_epistatic,ioi,L6H9,L11H2,6,11,5,-0.0003248693342925435,0.0003248693342925435,0.03741024062037468,0.05624093860387802,0.05624093860387802,0.0,0.031719084829092026,0.0,1.5172702074050903,1.8493879260495305
ioi_C6_epistatic,ioi,L6H9,L9H9,6,9,3,0.0003557808691994069,0.0003557808691994069,0.04622261971235275,0.05142851546406746,0.05142851546406746,0.0,0.029551437124609947,0.0,1.5263166427612305,1.8493879260495305
ioi_C6_epistatic,ioi,L6H9,L0H9,6,0,6,0.0004349682876636507,0.0004349682876636507,0.037396881729364395,0.03440131992101669,0.0,0.03440131992101669,0.0,0.03227346017956734,1.4876211881637573,1.8493879260495305
ioi_C6_epistatic,ioi,L6H9,L7H9,6,7,1,0.0049143658761749975,0.0049143658761749975,0.047848112881183624,0.04802725836634636,0.04802725836634636,0.0,0.03288185968995094,0.0,1.4229249954223633,1.8493879260495305
ioi_C6_epistatic,ioi,L6H9,L4H0,6,4,2,-0.0003677582859609174,0.0003677582859609174,0.03683796897530556,0.03862718120217323,0.0,0.03862718120217323,0.0,0.037133291363716125,1.4763983488082886,1.8493879260495305
ioi_C6_epistatic,ioi,L0H10,L0H1,0,0,0,0.008724867555883975,0.008724867555883975,0.08936531841754913,0.0,0.0,0.0,0.0,0.0,1.2771823406219482,1.8493879260495305
ioi_C6_epistatic,ioi,L0H10,L10H0,0,10,10,0.0013965574925691726,0.0013965574925691726,0.029629817232489586,0.07043620198965073,0.039630111306905746,0.0,0.07043620198965073,0.0,1.5129973888397217,1.8493879260495305
ioi_C6_epistatic,ioi,L0H10,L5H9,0,5,5,-0.0009240641281849094,0.0009240641281849094,0.037123244255781174,0.03556818515062332,0.03556818515062332,0.0,0.03388572484254837,0.0,1.4838190078735352,1.8493879260495305
ioi_C6_epistatic,ioi,L0H10,L8H10,0,8,8,-0.005033998099520431,0.005033998099520431,0.03403907269239426,0.05055353417992592,0.04111200571060181,0.0,0.05055353417992592,0.0,1.4920837879180908,1.8493879260495305
ioi_C6_epistatic,ioi,L0H10,L11H2,0,11,11,0.00048673940233356916,0.00048673940233356916,0.028399555012583733,0.0641716942191124,0.03901065140962601,0.0,0.0641716942191124,0.0,1.5081723928451538,1.8493879260495305
ioi_C6_epistatic,ioi,L0H10,L9H9,0,9,9,0.0053459537974731575,0.0053459537974731575,0.029426569119095802,0.053902480751276016,0.03902190178632736,0.0,0.053902480751276016,0.0,1.5122087001800537,1.8493879260495305
ioi_C6_epistatic,ioi,L0H10,L0H9,0,0,0,0.0013776475499298613,0.0013776475499298613,0.1925843507051468,0.0,0.0,0.0,0.0,0.0,0.9984947443008423,1.8493879260495305
ioi_C6_epistatic,ioi,L0H10,L7H9,0,7,7,0.0006611710017523365,0.0006611710017523365,0.03758762776851654,0.05269850045442581,0.03955162316560745,0.0,0.05269850045442581,0.0,1.4804635047912598,1.8493879260495305
ioi_C6_epistatic,ioi,L0H10,L4H0,0,4,4,0.00025649144151884684,0.00025649144151884684,0.03890568017959595,0.05192189663648605,0.033389076590538025,0.0,0.05192189663648605,0.0,1.4667041301727295,1.8493879260495305
ioi_C6_epistatic,ioi,L0H1,L10H0,0,10,10,0.003502336438657494,0.003502336438657494,0.025288373231887817,0.05158861353993416,0.036712389439344406,0.0,0.05158861353993416,0.0,1.5190602540969849,1.8493879260495305
ioi_C6_epistatic,ioi,L0H1,L5H9,0,5,5,0.0035513845296009094,0.0035513845296009094,0.037372320890426636,0.0303777065128088,0.0303777065128088,0.0,0.02968575991690159,0.0,1.474766731262207,1.8493879260495305
ioi_C6_epistatic,ioi,L0H1,L8H10,0,8,8,0.015978396459217947,0.015978396459217947,0.034535445272922516,0.03839961811900139,0.03335759416222572,0.0,0.03839961811900139,0.0,1.4844894409179688,1.8493879260495305
ioi_C6_epistatic,ioi,L0H1,L11H2,0,11,11,0.003371224123441152,0.003371224123441152,0.02386046200990677,0.051611434668302536,0.03698262944817543,0.0,0.051611434668302536,0.0,1.5162265300750732,1.8493879260495305
ioi_C6_epistatic,ioi,L0H1,L9H9,0,9,9,-0.018735679698806962,0.018735679698806962,0.02783198095858097,0.041818197816610336,0.041818197816610336,0.0,0.041098155081272125,0.0,1.503758430480957,1.8493879260495305
ioi_C6_epistatic,ioi,L0H1,L0H9,0,0,0,-0.0008225620904340758,0.0008225620904340758,0.07932677119970322,0.0,0.0,0.0,0.0,0.0,1.3692591190338135,1.8493879260495305
ioi_C6_epistatic,ioi,L0H1,L7H9,0,7,7,0.01549520481955824,0.01549520481955824,0.0363115593791008,0.03806578367948532,0.03250434994697571,0.0,0.03806578367948532,0.0,1.4714823961257935,1.8493879260495305
ioi_C6_epistatic,ioi,L0H1,L4H0,0,4,4,0.00035577635253503104,0.00035577635253503104,0.037835992872714996,0.03602666035294533,0.02760227955877781,0.0,0.03602666035294533,0.0,1.470874547958374,1.8493879260495305
ioi_C6_epistatic,ioi,L10H0,L5H9,10,5,5,-0.003196034747190879,0.003196034747190879,0.020387601107358932,0.05363353341817856,0.0,0.05363353341817856,0.0,0.050867147743701935,1.5314483642578125,1.8493879260495305
ioi_C6_epistatic,ioi,L10H0,L8H10,10,8,2,0.023793368838539664,0.023793368838539664,0.028599223122000694,0.06838234513998032,0.0,0.06838234513998032,0.0,0.035236090421676636,1.5145301818847656,1.8493879260495305
ioi_C6_epistatic,ioi,L10H0,L11H2,10,11,1,-0.058420369894065516,0.058420369894065516,0.08695236593484879,0.07008277624845505,0.07008277624845505,0.0,0.026784662157297134,0.0,1.2421705722808838,1.8493879260495305
ioi_C6_epistatic,ioi,L10H0,L9H9,10,9,1,-0.015772520756684116,0.015772520756684116,0.06131239980459213,0.026181625202298164,0.0,0.026181625202298164,0.0,0.020679756999015808,1.4365593194961548,1.8493879260495305
ioi_C6_epistatic,ioi,L10H0,L0H9,10,0,10,0.0011328473914886672,0.0011328473914886672,0.03041057474911213,0.0779060423374176,0.0,0.048798274248838425,0.0,0.0779060423374176,1.5063458681106567,1.8493879260495305
ioi_C6_epistatic,ioi,L10H0,L7H9,10,7,3,0.024494389672724992,0.024494389672724992,0.02775450609624386,0.04872611165046692,0.0,0.04872611165046692,0.0,0.03139728680253029,1.5272361040115356,1.8493879260495305
ioi_C6_epistatic,ioi,L10H0,L4H0,10,4,6,-0.0006604443017863559,0.0006604443017863559,0.031645018607378006,0.033722009509801865,0.0,0.0335056334733963,0.0,0.033722009509801865,1.5176217555999756,1.8493879260495305
ioi_C6_epistatic,ioi,L5H9,L8H10,5,8,3,0.0024244506213335626,0.0024244506213335626,0.0658535361289978,0.056435056030750275,0.05408008396625519,0.0,0.056435056030750275,0.0,1.3137538433074951,1.8493879260495305
ioi_C6_epistatic,ioi,L5H9,L11H2,5,11,6,6.535139488050845e-05,6.535139488050845e-05,0.020317358896136284,0.050323620438575745,0.050323620438575745,0.0,0.046573225408792496,0.0,1.524085521697998,1.8493879260495305
ioi_C6_epistatic,ioi,L5H9,L9H9,5,9,4,-0.007813291879074313,0.007813291879074313,0.019948996603488922,0.05049464479088783,0.05049464479088783,0.0,0.04551422968506813,0.0,1.5314911603927612,1.8493879260495305
ioi_C6_epistatic,ioi,L5H9,L0H9,5,0,5,0.0005796587365693995,0.0005796587365693995,0.03745856136083603,0.04320407658815384,0.0,0.04320407658815384,0.0,0.03798745200037956,1.4801183938980103,1.8493879260495305
ioi_C6_epistatic,ioi,L5H9,L7H9,5,7,2,-0.00381581054682556,0.00381581054682556,0.0485215000808239,0.04583887383341789,0.04583887383341789,0.0,0.045555777847766876,0.0,1.4251331090927124,1.8493879260495305
ioi_C6_epistatic,ioi,L5H9,L4H0,5,4,1,-0.0002670722153652605,0.0002670722153652605,0.042013850063085556,0.039479877799749374,0.0,0.039479877799749374,0.0,0.03818712383508682,1.4472301006317139,1.8493879260495305
ioi_C6_epistatic,ioi,L8H10,L11H2,8,11,3,-0.006282482178050941,0.006282482178050941,0.0335518904030323,0.059179581701755524,0.059179581701755524,0.0,0.034138791263103485,0.0,1.4899390935897827,1.8493879260495305
ioi_C6_epistatic,ioi,L8H10,L9H9,8,9,1,0.03863815558111128,0.03863815558111128,0.034474994987249374,0.06494559347629547,0.06494559347629547,0.0,0.034754034131765366,0.0,1.4928371906280518,1.8493879260495305
ioi_C6_epistatic,ioi,L8H10,L0H9,8,0,8,0.0007214266878463604,0.0007214266878463604,0.03516080230474472,0.07224871218204498,0.0,0.061920471489429474,0.0,0.07224871218204498,1.4929746389389038,1.8493879260495305
ioi_C6_epistatic,ioi,L8H10,L7H9,8,7,1,-0.02547097954175115,0.02547097954175115,0.04722345992922783,0.05355146899819374,0.0,0.05355146899819374,0.0,0.03638794645667076,1.418185830116272,1.8493879260495305
ioi_C6_epistatic,ioi,L8H10,L4H0,8,4,4,3.7517287410082645e-06,3.7517287410082645e-06,0.03574322536587715,0.044919248670339584,0.0,0.044919248670339584,0.0,0.040403373539447784,1.4976693391799927,1.8493879260495305
ioi_C6_epistatic,ioi,L11H2,L9H9,11,9,2,-0.028991056172401386,0.028991056172401386,0.07349734008312225,0.03375599533319473,0.0,0.03375599533319473,0.0,0.01753208041191101,1.3969465494155884,1.8493879260495305
ioi_C6_epistatic,ioi,L11H2,L0H9,11,0,11,0.00025497171412780517,0.00025497171412780517,0.03238217160105705,0.07091198116540909,0.0,0.04607550799846649,0.0,0.07091198116540909,1.4897292852401733,1.8493879260495305
ioi_C6_epistatic,ioi,L11H2,L7H9,11,7,4,-0.002680260684712721,0.002680260684712721,0.03384362533688545,0.04360448196530342,0.0,0.04360448196530342,0.0,0.028999201953411102,1.5198466777801514,1.8493879260495305
ioi_C6_epistatic,ioi,L11H2,L4H0,11,4,7,-0.00015103153151585502,0.00015103153151585502,0.03301293030381203,0.03461678326129913,0.0,0.03356609866023064,0.0,0.03461678326129913,1.508056640625,1.8493879260495305
ioi_C6_epistatic,ioi,L9H9,L0H9,9,0,9,0.00017710430961415113,0.00017710430961415113,0.030574791133403778,0.06277433037757874,0.0,0.03921797126531601,0.0,0.06277433037757874,1.4970611333847046,1.8493879260495305
ioi_C6_epistatic,ioi,L9H9,L7H9,9,7,2,0.02966840185649744,0.02966840185649744,0.04002545401453972,0.04835062846541405,0.0,0.04835062846541405,0.0,0.03455082327127457,1.5145493745803833,1.8493879260495305
ioi_C6_epistatic,ioi,L9H9,L4H0,9,4,5,0.00033239979916288576,0.00033239979916288576,0.034444503486156464,0.04053858667612076,0.0,0.037925854325294495,0.0,0.04053858667612076,1.516286849975586,1.8493879260495305
ioi_C6_epistatic,ioi,L0H9,L7H9,0,7,7,8.950146036568185e-05,8.950146036568185e-05,0.03673138469457626,0.08427929133176804,0.05760575085878372,0.0,0.08427929133176804,0.0,1.487760305404663,1.8493879260495305
ioi_C6_epistatic,ioi,L0H9,L4H0,0,4,4,-0.0002767791910400774,0.0002767791910400774,0.03785756230354309,0.08507465571165085,0.046255748718976974,0.0,0.08507465571165085,0.0,1.482322096824646,1.8493879260495305
ioi_C6_epistatic,ioi,L7H9,L4H0,7,4,3,0.00012078033614670858,0.00012078033614670858,0.04150597006082535,0.03999205306172371,0.0,0.03999205306172371,0.0,0.035938240587711334,1.437183141708374,1.8493879260495305
ioi_C4_random,ioi,L0H3,L1H0,0,1,1,-0.0004947496082650105,0.0004947496082650105,0.03501413017511368,0.02764902636408806,0.026507170870900154,0.0,0.02764902636408806,0.0,1.4840514659881592,0.167813278734684
ioi_C4_random,ioi,L0H3,L1H10,0,1,1,-0.000717315225585935,0.000717315225585935,0.0353541299700737,0.02366635948419571,0.02146243490278721,0.0,0.02366635948419571,0.0,1.4853739738464355,0.167813278734684
ioi_C4_random,ioi,L0H3,L3H8,0,3,3,6.933758942295754e-05,6.933758942295754e-05,0.036038972437381744,0.04486558958888054,0.02910570241510868,0.0,0.04486558958888054,0.0,1.4750491380691528,0.167813278734684
ioi_C4_random,ioi,L0H3,L3H9,0,3,3,-0.0007443273079843493,0.0007443273079843493,0.03624400496482849,0.03655868023633957,0.028363259509205818,0.0,0.03655868023633957,0.0,1.4762518405914307,0.167813278734684
ioi_C4_random,ioi,L0H3,L3H10,0,3,3,-0.0007498909291712152,0.0007498909291712152,0.035829417407512665,0.03136633336544037,0.02896493300795555,0.0,0.03136633336544037,0.0,1.488476276397705,0.167813278734684
ioi_C4_random,ioi,L0H3,L4H8,0,4,4,0.002287945801015212,0.002287945801015212,0.037237804383039474,0.029464785009622574,0.02856752648949623,0.0,0.029464785009622574,0.0,1.4676427841186523,0.167813278734684
ioi_C4_random,ioi,L0H3,L6H5,0,6,6,-0.00042067100645226674,0.00042067100645226674,0.03767330199480057,0.03558703139424324,0.03312642127275467,0.0,0.03558703139424324,0.0,1.4784109592437744,0.167813278734684
ioi_C4_random,ioi,L0H3,L6H10,0,6,6,-0.0005493746522802212,0.0005493746522802212,0.036576855927705765,0.028294865041971207,0.028294865041971207,0.0,0.027877075597643852,0.0,1.4829920530319214,0.167813278734684
ioi_C4_random,ioi,L0H3,L7H10,0,7,7,0.0004092051697170973,0.0004092051697170973,0.0348728783428669,0.0357246957719326,0.0357246957719326,0.0,0.02845584787428379,0.0,1.488430380821228,0.167813278734684
ioi_C4_random,ioi,L0H3,L8H1,0,8,8,5.097679229493224e-05,5.097679229493224e-05,0.032913435250520706,0.0329810231924057,0.0329810231924057,0.0,0.032592806965112686,0.0,1.492210030555725,0.167813278734684
ioi_C4_random,ioi,L0H3,L8H8,0,8,8,0.0004620088826641222,0.0004620088826641222,0.03771628066897392,0.03943415358662605,0.03271431103348732,0.0,0.03943415358662605,0.0,1.4929776191711426,0.167813278734684
ioi_C4_random,ioi,L0H3,L8H11,0,8,8,0.0009302495581664516,0.0009302495581664516,0.0333394780755043,0.037082646042108536,0.03405739367008209,0.0,0.037082646042108536,0.0,1.4872777462005615,0.167813278734684
ioi_C4_random,ioi,L0H3,L9H4,0,9,9,-0.0012211991432309333,0.0012211991432309333,0.034287333488464355,0.035003144294023514,0.03287145867943764,0.0,0.035003144294023514,0.0,1.495708703994751,0.167813278734684
ioi_C4_random,ioi,L0H3,L10H8,0,10,10,1.0838400044121954e-05,1.0838400044121954e-05,0.02995915897190571,0.038182735443115234,0.035565126687288284,0.0,0.038182735443115234,0.0,1.4966113567352295,0.167813278734684
ioi_C4_random,ioi,L1H0,L1H10,1,1,0,0.0005222893236691561,0.0005222893236691561,0.034810200333595276,0.0,0.0,0.0,0.0,0.0,1.4962009191513062,0.167813278734684
ioi_C4_random,ioi,L1H0,L3H8,1,3,2,-0.000747332624257524,0.000747332624257524,0.04486708343029022,0.039518341422080994,0.039518341422080994,0.0,0.030429339036345482,0.0,1.4675052165985107,0.167813278734684
ioi_C4_random,ioi,L1H0,L3H9,1,3,2,-0.000186127228857913,0.000186127228857913,0.043097078800201416,0.04016585648059845,0.04016585648059845,0.0,0.033128924667835236,0.0,1.453474760055542,0.167813278734684
ioi_C4_random,ioi,L1H0,L3H10,1,3,2,0.0026516001724417038,0.0026516001724417038,0.036559320986270905,0.045994773507118225,0.045994773507118225,0.0,0.0437745675444603,0.0,1.5051097869873047,0.167813278734684
ioi_C4_random,ioi,L1H0,L4H8,1,4,3,-0.00018669665774950772,0.00018669665774950772,0.0382697694003582,0.036937084048986435,0.03489316999912262,0.0,0.036937084048986435,0.0,1.4796855449676514,0.167813278734684
ioi_C4_random,ioi,L1H0,L6H5,1,6,5,-5.958588127441544e-05,5.958588127441544e-05,0.03371698036789894,0.03534696251153946,0.03534696251153946,0.0,0.03487127646803856,0.0,1.4938340187072754,0.167813278734684
ioi_C4_random,ioi,L1H0,L6H10,1,6,5,-4.567381489550826e-05,4.567381489550826e-05,0.034393128007650375,0.033361420035362244,0.03308355435729027,0.0,0.033361420035362244,0.0,1.4865922927856445,0.167813278734684
ioi_C4_random,ioi,L1H0,L7H10,1,7,6,0.0001986576594390499,0.0001986576594390499,0.03862196207046509,0.07265597581863403,0.045977845788002014,0.0,0.07265597581863403,0.0,1.4878259897232056,0.167813278734684
ioi_C4_random,ioi,L1H0,L8H1,1,8,7,-1.8671210796128435e-05,1.8671210796128435e-05,0.046039603650569916,0.05533652752637863,0.03951986879110336,0.0,0.05533652752637863,0.0,1.4825339317321777,0.167813278734684
ioi_C4_random,ioi,L1H0,L8H8,1,8,7,5.583889617355453e-05,5.583889617355453e-05,0.03554357588291168,0.033829864114522934,0.03287049010396004,0.0,0.033829864114522934,0.0,1.4989063739776611,0.167813278734684
ioi_C4_random,ioi,L1H0,L8H11,1,8,7,-0.001350345217758786,0.001350345217758786,0.04165743663907051,0.03623119741678238,0.03253895044326782,0.0,0.03623119741678238,0.0,1.471153974533081,0.167813278734684
ioi_C4_random,ioi,L1H0,L9H4,1,9,8,-0.00015606867640372002,0.00015606867640372002,0.040837567299604416,0.034132517874240875,0.033879607915878296,0.0,0.034132517874240875,0.0,1.4783382415771484,0.167813278734684
ioi_C4_random,ioi,L1H0,L10H8,1,10,9,1.8458306499269383e-05,1.8458306499269383e-05,0.044232238084077835,0.04492371156811714,0.03508070856332779,0.0,0.04492371156811714,0.0,1.4771432876586914,0.167813278734684
ioi_C4_random,ioi,L1H10,L3H8,1,3,2,0.0004780270916171503,0.0004780270916171503,0.034770622849464417,0.09389990568161011,0.04296011105179787,0.0,0.09389990568161011,0.0,1.4893760681152344,0.167813278734684
ioi_C4_random,ioi,L1H10,L3H9,1,3,2,-2.7614410498699726e-05,2.7614410498699726e-05,0.031276337802410126,0.06333284825086594,0.03614497929811478,0.0,0.06333284825086594,0.0,1.4905118942260742,0.167813278734684
ioi_C4_random,ioi,L1H10,L3H10,1,3,2,-0.000146701029052565,0.000146701029052565,0.041505005210638046,0.05113945156335831,0.04759199172258377,0.0,0.05113945156335831,0.0,1.4690699577331543,0.167813278734684
ioi_C4_random,ioi,L1H10,L4H8,1,4,3,5.13555719408032e-05,5.13555719408032e-05,0.03537365421652794,0.0372888445854187,0.0372888445854187,0.0,0.03416657820343971,0.0,1.4889194965362549,0.167813278734684
ioi_C4_random,ioi,L1H10,L6H5,1,6,5,0.00019409389949487377,0.00019409389949487377,0.036158572882413864,0.05848963186144829,0.053213078528642654,0.0,0.05848963186144829,0.0,1.4900707006454468,0.167813278734684
ioi_C4_random,ioi,L1H10,L6H10,1,6,5,4.150615893649956e-05,4.150615893649956e-05,0.03680136054754257,0.034263696521520615,0.033675674349069595,0.0,0.034263696521520615,0.0,1.4722328186035156,0.167813278734684
ioi_C4_random,ioi,L1H10,L7H10,1,7,6,-1.080171824696663e-05,1.080171824696663e-05,0.027309715747833252,0.04322349280118942,0.04322349280118942,0.0,0.04037634655833244,0.0,1.5143516063690186,0.167813278734684
ioi_C4_random,ioi,L1H10,L8H1,1,8,7,-2.6893534936789365e-06,2.6893534936789365e-06,0.029260190203785896,0.04781164973974228,0.04781164973974228,0.0,0.045886993408203125,0.0,1.5119651556015015,0.167813278734684
ioi_C4_random,ioi,L1H10,L8H8,1,8,7,-7.838418201799868e-05,7.838418201799868e-05,0.027052393183112144,0.06386986374855042,0.04724586382508278,0.0,0.06386986374855042,0.0,1.5181312561035156,0.167813278734684
ioi_C4_random,ioi,L1H10,L8H11,1,8,7,1.3777344634036126e-05,1.3777344634036126e-05,0.027951395139098167,0.0583832710981369,0.05049540102481842,0.0,0.0583832710981369,0.0,1.5122385025024414,0.167813278734684
ioi_C4_random,ioi,L1H10,L9H4,1,9,8,-0.0002164538957458717,0.0002164538957458717,0.03555178642272949,0.03868074342608452,0.03868074342608452,0.0,0.038288697600364685,0.0,1.4693750143051147,0.167813278734684
ioi_C4_random,ioi,L1H10,L10H8,1,10,9,-1.0530444001233263e-06,1.0530444001233263e-06,0.02894238755106926,0.037683602422475815,0.03371892124414444,0.0,0.037683602422475815,0.0,1.509040355682373,0.167813278734684
ioi_C4_random,ioi,L3H8,L3H9,3,3,0,0.0001954061421542974,0.0001954061421542974,0.05214910954236984,0.0,0.0,0.0,0.0,0.0,1.3816461563110352,0.167813278734684
ioi_C4_random,ioi,L3H8,L3H10,3,3,0,4.949596518599719e-05,4.949596518599719e-05,0.05157031491398811,0.0,0.0,0.0,0.0,0.0,1.387392520904541,0.167813278734684
ioi_C4_random,ioi,L3H8,L4H8,3,4,1,-4.437746247276664e-05,4.437746247276664e-05,0.04270252212882042,0.04389732703566551,0.04389732703566551,0.0,0.039631009101867676,0.0,1.4630100727081299,0.167813278734684
ioi_C4_random,ioi,L3H8,L6H5,3,6,3,-0.00018742482916422887,0.00018742482916422887,0.04711886867880821,0.053617898374795914,0.053617898374795914,0.0,0.0455140583217144,0.0,1.423079013824463,0.167813278734684
ioi_C4_random,ioi,L3H8,L6H10,3,6,3,-3.4761779716063756e-05,3.4761779716063756e-05,0.039191074669361115,0.04592404514551163,0.04592404514551163,0.0,0.042931657284498215,0.0,1.4756666421890259,0.167813278734684
ioi_C4_random,ioi,L3H8,L7H10,3,7,4,7.93201240298913e-05,7.93201240298913e-05,0.03017878159880638,0.04335163161158562,0.037643302232027054,0.0,0.04335163161158562,0.0,1.5102646350860596,0.167813278734684
ioi_C4_random,ioi,L3H8,L8H1,3,8,5,-8.100038428437983e-06,8.100038428437983e-06,0.034038178622722626,0.05385342240333557,0.04621290788054466,0.0,0.05385342240333557,0.0,1.503326177597046,0.167813278734684
ioi_C4_random,ioi,L3H8,L8H8,3,8,5,0.0002612950301568162,0.0002612950301568162,0.03349733725190163,0.04049206152558327,0.04049206152558327,0.0,0.03692207857966423,0.0,1.5015945434570312,0.167813278734684
ioi_C4_random,ioi,L3H8,L8H11,3,8,5,1.1007776151927828e-05,1.1007776151927828e-05,0.029523499310016632,0.0412900447845459,0.037366680800914764,0.0,0.0412900447845459,0.0,1.5195716619491577,0.167813278734684
ioi_C4_random,ioi,L3H8,L9H4,3,9,6,0.0004155217460493077,0.0004155217460493077,0.038112740963697433,0.03766970336437225,0.03766970336437225,0.0,0.03695974126458168,0.0,1.4941399097442627,0.167813278734684
ioi_C4_random,ioi,L3H8,L10H8,3,10,7,1.124044700873128e-05,1.124044700873128e-05,0.033464815467596054,0.045197661966085434,0.03923773765563965,0.0,0.045197661966085434,0.0,1.509242057800293,0.167813278734684
ioi_C4_random,ioi,L3H9,L3H10,3,3,0,-0.0007558298332810409,0.0007558298332810409,0.04517374560236931,0.0,0.0,0.0,0.0,0.0,1.4318299293518066,0.167813278734684
ioi_C4_random,ioi,L3H9,L4H8,3,4,1,-0.00022270480764063905,0.00022270480764063905,0.03978314995765686,0.03801820054650307,0.03801820054650307,0.0,0.03639524430036545,0.0,1.4742531776428223,0.167813278734684
ioi_C4_random,ioi,L3H9,L6H5,3,6,3,0.00018459319193198098,0.00018459319193198098,0.04109148308634758,0.039091695100069046,0.03884176164865494,0.0,0.039091695100069046,0.0,1.451553463935852,0.167813278734684
ioi_C4_random,ioi,L3H9,L6H10,3,6,3,2.522861558418299e-05,2.522861558418299e-05,0.037568025290966034,0.03704594820737839,0.03704594820737839,0.0,0.034599028527736664,0.0,1.4737335443496704,0.167813278734684
ioi_C4_random,ioi,L3H9,L7H10,3,7,4,-6.049433011412475e-05,6.049433011412475e-05,0.03398508206009865,0.03625020757317543,0.03625020757317543,0.0,0.034572482109069824,0.0,1.5058534145355225,0.167813278734684
ioi_C4_random,ioi,L3H9,L8H1,3,8,5,1.487430336055695e-05,1.487430336055695e-05,0.03803391754627228,0.040998514741659164,0.040998514741659164,0.0,0.03821239620447159,0.0,1.4806501865386963,0.167813278734684
ioi_C4_random,ioi,L3H9,L8H8,3,8,5,0.00022805152730143163,0.00022805152730143163,0.03660640865564346,0.03826172277331352,0.03826172277331352,0.0,0.03627549856901169,0.0,1.4884397983551025,0.167813278734684
ioi_C4_random,ioi,L3H9,L8H11,3,8,5,-0.0006618155646833657,0.0006618155646833657,0.03221055492758751,0.03561737388372421,0.03561737388372421,0.0,0.033637989312410355,0.0,1.5106401443481445,0.167813278734684
ioi_C4_random,ioi,L3H9,L9H4,3,9,6,-0.00019050288955213546,0.00019050288955213546,0.035836558789014816,0.03850666806101799,0.03850666806101799,0.0,0.03723808750510216,0.0,1.490586757659912,0.167813278734684
ioi_C4_random,ioi,L3H9,L10H8,3,10,7,-1.7999644910560164e-05,1.7999644910560164e-05,0.035737354308366776,0.03710426762700081,0.03610233962535858,0.0,0.03710426762700081,0.0,1.505908489227295,0.167813278734684
ioi_C4_random,ioi,L3H10,L4H8,3,4,1,-0.00015240752850331774,0.00015240752850331774,0.055137235671281815,0.04710771143436432,0.04710771143436432,0.0,0.0427187941968441,0.0,1.3987351655960083,0.167813278734684
ioi_C4_random,ioi,L3H10,L6H5,3,6,3,-0.0003738605928447214,0.0003738605928447214,0.05352155491709709,0.051921624690294266,0.051921624690294266,0.0,0.044156238436698914,0.0,1.4079328775405884,0.167813278734684
ioi_C4_random,ioi,L3H10,L6H10,3,6,3,-0.00011826381535229302,0.00011826381535229302,0.04619244486093521,0.04947925731539726,0.04947925731539726,0.0,0.04902183637022972,0.0,1.4235484600067139,0.167813278734684
ioi_C4_random,ioi,L3H10,L7H10,3,7,4,-0.0001918406389336269,0.0001918406389336269,0.027382489293813705,0.061035752296447754,0.04227888956665993,0.0,0.061035752296447754,0.0,1.5224452018737793,0.167813278734684
ioi_C4_random,ioi,L3H10,L8H1,3,8,5,-1.395228986211805e-05,1.395228986211805e-05,0.031038885936141014,0.060861736536026,0.04694557934999466,0.0,0.060861736536026,0.0,1.5087271928787231,0.167813278734684
ioi_C4_random,ioi,L3H10,L8H8,3,8,5,0.0001672484407322372,0.0001672484407322372,0.031965598464012146,0.04303703457117081,0.04303703457117081,0.0,0.03704072907567024,0.0,1.4973654747009277,0.167813278734684
ioi_C4_random,ioi,L3H10,L8H11,3,8,5,0.0013247559703586376,0.0013247559703586376,0.02745187282562256,0.039991457015275955,0.039602093398571014,0.0,0.039991457015275955,0.0,1.524324893951416,0.167813278734684
ioi_C4_random,ioi,L3H10,L9H4,3,9,6,0.0005006598711361221,0.0005006598711361221,0.04724185913801193,0.038879238069057465,0.038879238069057465,0.0,0.038499802350997925,0.0,1.4719280004501343,0.167813278734684
ioi_C4_random,ioi,L3H10,L10H8,3,10,7,-2.643030887838904e-05,2.643030887838904e-05,0.03026752360165119,0.04868686944246292,0.04023066163063049,0.0,0.04868686944246292,0.0,1.5023224353790283,0.167813278734684
ioi_C4_random,ioi,L4H8,L6H5,4,6,2,-0.0001025725263161803,0.0001025725263161803,0.0494539700448513,0.04524557292461395,0.04524557292461395,0.0,0.041948188096284866,0.0,1.4375684261322021,0.167813278734684
ioi_C4_random,ioi,L4H8,L6H10,4,6,2,-0.0002818956854753196,0.0002818956854753196,0.07642558217048645,0.05203358083963394,0.05203358083963394,0.0,0.04613928124308586,0.0,1.293015718460083,0.167813278734684
ioi_C4_random,ioi,L4H8,L7H10,4,7,3,3.786895950952385e-05,3.786895950952385e-05,0.030576732009649277,0.039239685982465744,0.039239685982465744,0.0,0.030176600441336632,0.0,1.4902592897415161,0.167813278734684
ioi_C4_random,ioi,L4H8,L8H1,4,8,4,-1.5036888896702294e-05,1.5036888896702294e-05,0.03265076130628586,0.03973214700818062,0.03973214700818062,0.0,0.03372491896152496,0.0,1.4965369701385498,0.167813278734684
ioi_C4_random,ioi,L4H8,L8H8,4,8,4,5.190996279225146e-05,5.190996279225146e-05,0.03900863975286484,0.04583050683140755,0.04583050683140755,0.0,0.042518194764852524,0.0,1.4862618446350098,0.167813278734684
ioi_C4_random,ioi,L4H8,L8H11,4,8,4,0.0006585997743968619,0.0006585997743968619,0.03257773071527481,0.04276668652892113,0.04276668652892113,0.0,0.040888987481594086,0.0,1.5093721151351929,0.167813278734684
ioi_C4_random,ioi,L4H8,L9H4,4,9,5,-1.064645857695723e-05,1.064645857695723e-05,0.040763918310403824,0.046331267803907394,0.046331267803907394,0.0,0.04567262902855873,0.0,1.4960968494415283,0.167813278734684
ioi_C4_random,ioi,L4H8,L10H8,4,10,6,-2.670584734687509e-05,2.670584734687509e-05,0.03270067647099495,0.042441122233867645,0.042441122233867645,0.0,0.038182057440280914,0.0,1.4944274425506592,0.167813278734684
ioi_C4_random,ioi,L6H5,L6H10,6,6,0,9.213898465532111e-06,9.213898465532111e-06,0.05209243297576904,0.0,0.0,0.0,0.0,0.0,1.3972880840301514,0.167813278734684
ioi_C4_random,ioi,L6H5,L7H10,6,7,1,-0.00015039622593349122,0.00015039622593349122,0.029998179525136948,0.047647636383771896,0.047647636383771896,0.0,0.04657631739974022,0.0,1.4770439863204956,0.167813278734684
ioi_C4_random,ioi,L6H5,L8H1,6,8,2,-6.845926844789574e-05,6.845926844789574e-05,0.030283376574516296,0.058054957538843155,0.05745943263173103,0.0,0.058054957538843155,0.0,1.5186169147491455,0.167813278734684
ioi_C4_random,ioi,L6H5,L8H8,6,8,2,-9.284687854460572e-05,9.284687854460572e-05,0.038525793701410294,0.05378863960504532,0.05378863960504532,0.0,0.041544683277606964,0.0,1.4837491512298584,0.167813278734684
ioi_C4_random,ioi,L6H5,L8H11,6,8,2,-0.000584772733986938,0.000584772733986938,0.027853839099407196,0.04644728824496269,0.04644728824496269,0.0,0.041335053741931915,0.0,1.5211952924728394,0.167813278734684
ioi_C4_random,ioi,L6H5,L9H4,6,9,3,0.0012820777816386908,0.0012820777816386908,0.0482814759016037,0.0494549460709095,0.0494549460709095,0.0,0.045156288892030716,0.0,1.4760630130767822,0.167813278734684
ioi_C4_random,ioi,L6H5,L10H8,6,10,4,-2.350811149653964e-05,2.350811149653964e-05,0.029145237058401108,0.04776963219046593,0.04776963219046593,0.0,0.04740241542458534,0.0,1.5085370540618896,0.167813278734684
ioi_C4_random,ioi,L6H10,L7H10,6,7,1,7.00934460269309e-05,7.00934460269309e-05,0.031946659088134766,0.04554443433880806,0.04554443433880806,0.0,0.02929682843387127,0.0,1.488689661026001,0.167813278734684
ioi_C4_random,ioi,L6H10,L8H1,6,8,2,-8.409541408127552e-06,8.409541408127552e-06,0.03181884065270424,0.045797787606716156,0.045797787606716156,0.0,0.03194582834839821,0.0,1.4974994659423828,0.167813278734684
ioi_C4_random,ioi,L6H10,L8H8,6,8,2,-2.0699141543900623e-05,2.0699141543900623e-05,0.031784787774086,0.05042164400219917,0.05042164400219917,0.0,0.037813957780599594,0.0,1.5050536394119263,0.167813278734684
ioi_C4_random,ioi,L6H10,L8H11,6,8,2,0.0002842076896740764,0.0002842076896740764,0.030480751767754555,0.053692661225795746,0.053692661225795746,0.0,0.041980743408203125,0.0,1.521606683731079,0.167813278734684
ioi_C4_random,ioi,L6H10,L9H4,6,9,3,0.00027910911092021706,0.00027910911092021706,0.039282169193029404,0.04873603954911232,0.04873603954911232,0.0,0.036230478435754776,0.0,1.4759740829467773,0.167813278734684
ioi_C4_random,ioi,L6H10,L10H8,6,10,4,1.5460391693977726e-05,1.5460391693977726e-05,0.03234390914440155,0.053183503448963165,0.053183503448963165,0.0,0.03773291036486626,0.0,1.4975850582122803,0.167813278734684
ioi_C4_random,ioi,L7H10,L8H1,7,8,1,-7.286589834620827e-06,7.286589834620827e-06,0.052081163972616196,0.030600178986787796,0.030600178986787796,0.0,0.022866230458021164,0.0,1.426400899887085,0.167813278734684
ioi_C4_random,ioi,L7H10,L8H8,7,8,1,6.513258085760754e-06,6.513258085760754e-06,0.04091336578130722,0.031883783638477325,0.031883783638477325,0.0,0.02870257757604122,0.0,1.489971399307251,0.167813278734684
ioi_C4_random,ioi,L7H10,L8H11,7,8,1,4.2331447446031234e-05,4.2331447446031234e-05,0.07038185000419617,0.03226526826620102,0.03226526826620102,0.0,0.026696830987930298,0.0,1.2136656045913696,0.167813278734684
ioi_C4_random,ioi,L7H10,L9H4,7,9,2,-0.00012539419168433596,0.00012539419168433596,0.030036406591534615,0.029611635953187943,0.029611635953187943,0.0,0.028314925730228424,0.0,1.5057704448699951,0.167813278734684
ioi_C4_random,ioi,L7H10,L10H8,7,10,3,4.229833962199336e-06,4.229833962199336e-06,0.046688854694366455,0.029097700491547585,0.029097700491547585,0.0,0.022568045184016228,0.0,1.4624172449111938,0.167813278734684
ioi_C4_random,ioi,L8H1,L8H8,8,8,0,4.840214955947886e-06,4.840214955947886e-06,0.03588350862264633,0.0,0.0,0.0,0.0,0.0,1.4866607189178467,0.167813278734684
ioi_C4_random,ioi,L8H1,L8H11,8,8,0,0.00012298747384420494,0.00012298747384420494,0.0461798720061779,0.0,0.0,0.0,0.0,0.0,1.4611423015594482,0.167813278734684
ioi_C4_random,ioi,L8H1,L9H4,8,9,1,-7.847026466833995e-05,7.847026466833995e-05,0.033609677106142044,0.031730324029922485,0.031730324029922485,0.0,0.029063282534480095,0.0,1.493654727935791,0.167813278734684
ioi_C4_random,ioi,L8H1,L10H8,8,10,2,-1.0571756092758733e-06,1.0571756092758733e-06,0.058832649141550064,0.036375340074300766,0.036375340074300766,0.0,0.024956077337265015,0.0,1.4271270036697388,0.167813278734684
ioi_C4_random,ioi,L8H8,L8H11,8,8,0,-0.0003677554483942913,0.0003677554483942913,0.03726262226700783,0.0,0.0,0.0,0.0,0.0,1.5039293766021729,0.167813278734684
ioi_C4_random,ioi,L8H8,L9H4,8,9,1,0.0006854328727854408,0.0006854328727854408,0.029690569266676903,0.0494554378092289,0.0494554378092289,0.0,0.04382740333676338,0.0,1.506721019744873,0.167813278734684
ioi_C4_random,ioi,L8H8,L10H8,8,10,2,-1.3995421340950998e-05,1.3995421340950998e-05,0.03628716245293617,0.03267006203532219,0.03267006203532219,0.0,0.026684578508138657,0.0,1.4839465618133545,0.167813278734684
ioi_C4_random,ioi,L8H11,L9H4,8,9,1,-3.333421773277223e-05,3.333421773277223e-05,0.029542526230216026,0.035921402275562286,0.035921402275562286,0.0,0.030577316880226135,0.0,1.513611078262329,0.167813278734684
ioi_C4_random,ioi,L8H11,L10H8,8,10,2,-2.2560532045190484e-05,2.2560532045190484e-05,0.04645146057009697,0.031449951231479645,0.031449951231479645,0.0,0.022451935335993767,0.0,1.4304893016815186,0.167813278734684
ioi_C4_random,ioi,L9H4,L10H8,9,10,1,1.3480367272222793e-05,1.3480367272222793e-05,0.03351869061589241,0.052927322685718536,0.052927322685718536,0.0,0.030681245028972626,0.0,1.4965341091156006,0.167813278734684
rti_known,rti,L0H8,L0H9,0,0,0,-0.0032798960751279083,0.0032798960751279083,0.1603698432445526,0.0,0.0,0.0,0.0,0.0,1.2484900951385498,0.830880144611001
rti_known,rti,L0H8,L0H11,0,0,0,-4.769540055349353e-05,4.769540055349353e-05,0.11105382442474365,0.0,0.0,0.0,0.0,0.0,1.2741522789001465,0.830880144611001
rti_known,rti,L0H8,L4H11,0,4,4,-0.0010140857838223383,0.0010140857838223383,0.04099477455019951,0.08948137611150742,0.03313088417053223,0.0,0.08948137611150742,0.0,1.480635404586792,0.830880144611001
rti_known,rti,L0H8,L4H0,0,4,4,-5.3948876939102774e-06,5.3948876939102774e-06,0.03657596930861473,0.06264755874872208,0.035577815026044846,0.0,0.06264755874872208,0.0,1.49644136428833,0.830880144611001
rti_known,rti,L0H8,L5H6,0,5,5,0.0003863439325186846,0.0003863439325186846,0.03979744017124176,0.04587706923484802,0.03430214896798134,0.0,0.04587706923484802,0.0,1.4640023708343506,0.830880144611001
rti_known,rti,L0H8,L5H7,0,5,5,0.0015365760210670487,0.0015365760210670487,0.03522266447544098,0.04791032150387764,0.03562435880303383,0.0,0.04791032150387764,0.0,1.4819319248199463,0.830880144611001
rti_known,rti,L0H8,L7H0,0,7,7,-0.00018484632505533227,0.00018484632505533227,0.04208789020776749,0.06739096343517303,0.048769786953926086,0.0,0.06739096343517303,0.0,1.46392822265625,0.830880144611001
rti_known,rti,L0H8,L8H4,0,8,8,-6.285457573085296e-05,6.285457573085296e-05,0.03230451047420502,0.0655808374285698,0.049504514783620834,0.0,0.0655808374285698,0.0,1.4915416240692139,0.830880144611001
rti_known,rti,L0H8,L8H7,0,8,8,8.127935814172815e-05,8.127935814172815e-05,0.0395195409655571,0.07663387805223465,0.053718701004981995,0.0,0.07663387805223465,0.0,1.4675153493881226,0.830880144611001
rti_known,rti,L0H8,L9H3,0,9,9,-0.0005276093311294971,0.0005276093311294971,0.04278305917978287,0.08293057978153229,0.060598425567150116,0.0,0.08293057978153229,0.0,1.4343395233154297,0.830880144611001
rti_known,rti,L0H8,L9H10,0,9,9,0.0001540104977948431,0.0001540104977948431,0.03170158714056015,0.07675562053918839,0.05910707265138626,0.0,0.07675562053918839,0.0,1.4921437501907349,0.830880144611001
rti_known,rti,L0H8,L10H11,0,10,10,7.171833385655191e-05,7.171833385655191e-05,0.03478962928056717,0.0548863485455513,0.03692011535167694,0.0,0.0548863485455513,0.0,1.4951157569885254,0.830880144611001
rti_known,rti,L0H8,L11H9,0,11,11,0.000297051132292836,0.000297051132292836,0.03054729476571083,0.08304072916507721,0.037280965596437454,0.0,0.08304072916507721,0.0,1.494192361831665,0.830880144611001
rti_known,rti,L0H8,L11H11,0,11,11,-8.028093247958168e-06,8.028093247958168e-06,0.04861106723546982,0.06111135333776474,0.046016063541173935,0.0,0.06111135333776474,0.0,1.49981689453125,0.830880144611001
rti_known,rti,L0H9,L0H11,0,0,0,-8.31281471391776e-05,8.31281471391776e-05,0.16010001301765442,0.0,0.0,0.0,0.0,0.0,1.0911494493484497,0.830880144611001
rti_known,rti,L0H9,L4H11,0,4,4,-0.00032583112965767214,0.00032583112965767214,0.045571498572826385,0.12635213136672974,0.04425628110766411,0.0,0.12635213136672974,0.0,1.4377617835998535,0.830880144611001
rti_known,rti,L0H9,L4H0,0,4,4,-0.00027866226594142063,0.00027866226594142063,0.03785756230354309,0.08507465571165085,0.046255748718976974,0.0,0.08507465571165085,0.0,1.482322096824646,0.830880144611001
rti_known,rti,L0H9,L5H6,0,5,5,0.00023593926266585186,0.00023593926266585186,0.046726044267416,0.05585480481386185,0.04550871253013611,0.0,0.05585480481386185,0.0,1.4298958778381348,0.830880144611001
rti_known,rti,L0H9,L5H7,0,5,5,-0.0006613943451156956,0.0006613943451156956,0.03541773557662964,0.06056134030222893,0.04441861808300018,0.0,0.06056134030222893,0.0,1.4874604940414429,0.830880144611001
rti_known,rti,L0H9,L7H0,0,7,7,0.0005265461289809537,0.0005265461289809537,0.056940242648124695,0.09020788222551346,0.06719157099723816,0.0,0.09020788222551346,0.0,1.429405689239502,0.830880144611001
rti_known,rti,L0H9,L8H4,0,8,8,-2.4603559722891077e-05,2.4603559722891077e-05,0.03140782192349434,0.08827037364244461,0.06589829921722412,0.0,0.08827037364244461,0.0,1.5068289041519165,0.830880144611001
rti_known,rti,L0H9,L8H7,0,8,8,0.0002579371987394552,0.0002579371987394552,0.04843173921108246,0.10353969037532806,0.07419714331626892,0.0,0.10353969037532806,0.0,1.4613969326019287,0.830880144611001
rti_known,rti,L0H9,L9H3,0,9,9,0.0004297368192283102,0.0004297368192283102,0.04765758290886879,0.11399058252573013,0.0828402191400528,0.0,0.11399058252573013,0.0,1.4486517906188965,0.830880144611001
rti_known,rti,L0H9,L9H10,0,9,9,0.00018642481359165686,0.00018642481359165686,0.03370845317840576,0.1048208549618721,0.07943342626094818,0.0,0.1048208549618721,0.0,1.4935438632965088,0.830880144611001
rti_known,rti,L0H9,L10H11,0,10,10,0.00012301293361360877,0.00012301293361360877,0.03307412192225456,0.05629079043865204,0.04096746817231178,0.0,0.05629079043865204,0.0,1.490683674812317,0.830880144611001
rti_known,rti,L0H9,L11H9,0,11,11,7.279408475824312e-05,7.279408475824312e-05,0.0312589630484581,0.07877086102962494,0.04314905032515526,0.0,0.07877086102962494,0.0,1.485032081604004,0.830880144611001
rti_known,rti,L0H9,L11H11,0,11,11,0.00015943351013447682,0.00015943351013447682,0.04020319879055023,0.07385692745447159,0.058254774659872055,0.0,0.07385692745447159,0.0,1.5010263919830322,0.830880144611001
rti_known,rti,L0H11,L4H11,0,4,4,-1.251466073881602e-06,1.251466073881602e-06,0.03538218513131142,0.16759294271469116,0.04778808355331421,0.0,0.16759294271469116,0.0,1.478060245513916,0.830880144611001
rti_known,rti,L0H11,L4H0,0,4,4,-0.00021670459284450772,0.00021670459284450772,0.03510402888059616,0.11251965165138245,0.056108128279447556,0.0,0.11251965165138245,0.0,1.4747897386550903,0.830880144611001
rti_known,rti,L0H11,L5H6,0,5,5,-8.126911529870995e-05,8.126911529870995e-05,0.03683288022875786,0.06771121174097061,0.05280977487564087,0.0,0.06771121174097061,0.0,1.4665181636810303,0.830880144611001
rti_known,rti,L0H11,L5H7,0,5,5,7.663033647986595e-05,7.663033647986595e-05,0.033640846610069275,0.0755205824971199,0.05236262455582619,0.0,0.0755205824971199,0.0,1.4842767715454102,0.830880144611001
rti_known,rti,L0H11,L7H0,0,7,7,8.912931309623673e-05,8.912931309623673e-05,0.036494988948106766,0.11675728112459183,0.08466707915067673,0.0,0.11675728112459183,0.0,1.4797782897949219,0.830880144611001
rti_known,rti,L0H11,L8H4,0,8,8,1.2231540267748642e-05,1.2231540267748642e-05,0.03321561962366104,0.11357114464044571,0.08271282911300659,0.0,0.11357114464044571,0.0,1.4831713438034058,0.830880144611001
rti_known,rti,L0H11,L8H7,0,8,8,-2.6364690711488947e-05,2.6364690711488947e-05,0.03371057286858559,0.13437926769256592,0.09303126484155655,0.0,0.13437926769256592,0.0,1.498129963874817,0.830880144611001
rti_known,rti,L0H11,L9H3,0,9,9,0.00042284832272798667,0.00042284832272798667,0.03716539591550827,0.1498376876115799,0.10487855970859528,0.0,0.1498376876115799,0.0,1.471538782119751,0.830880144611001
rti_known,rti,L0H11,L9H10,0,9,9,1.113514372264035e-06,1.113514372264035e-06,0.03215355426073074,0.13644683361053467,0.10189054906368256,0.0,0.13644683361053467,0.0,1.4955974817276,0.830880144611001
rti_known,rti,L0H11,L10H11,0,10,10,3.124751458472019e-05,3.124751458472019e-05,0.03270396590232849,0.06055888161063194,0.038764290511608124,0.0,0.06055888161063194,0.0,1.4955400228500366,0.830880144611001
rti_known,rti,L0H11,L11H9,0,11,11,-1.1951590636272158e-05,1.1951590636272158e-05,0.03753151744604111,0.07078833132982254,0.041746728122234344,0.0,0.07078833132982254,0.0,1.4746371507644653,0.830880144611001
rti_known,rti,L0H11,L11H11,0,11,11,0.0003624767139172036,0.0003624767139172036,0.050859078764915466,0.08707017451524734,0.067259781062603,0.0,0.08707017451524734,0.0,1.481393575668335,0.830880144611001
rti_known,rti,L4H11,L4H0,4,4,0,-0.005381133367791335,0.005381133367791335,0.04617010056972504,0.0,0.0,0.0,0.0,0.0,1.4089175462722778,0.830880144611001
rti_known,rti,L4H11,L5H6,4,5,1,-0.024239024775965845,0.024239024775965845,0.08573028445243835,0.0796634629368782,0.0796634629368782,0.0,0.06157374754548073,0.0,1.0201122760772705,0.830880144611001
rti_known,rti,L4H11,L5H7,4,5,1,-0.0018077979037798286,0.0018077979037798286,0.03329617530107498,0.04280530661344528,0.04280530661344528,0.0,0.029728589579463005,0.0,1.4792323112487793,0.830880144611001
rti_known,rti,L4H11,L7H0,4,7,3,0.0017112329460360343,0.0017112329460360343,0.04524809494614601,0.0593990758061409,0.0593990758061409,0.0,0.03534278646111488,0.0,1.3850278854370117,0.830880144611001
rti_known,rti,L4H11,L8H4,4,8,4,-0.0006388377438497628,0.0006388377438497628,0.03229236230254173,0.041700903326272964,0.041700903326272964,0.0,0.03055623359978199,0.0,1.4950599670410156,0.830880144611001
rti_known,rti,L4H11,L8H7,4,8,4,0.0005957470699513578,0.0005957470699513578,0.035725269466638565,0.05335089936852455,0.05335089936852455,0.0,0.03163927420973778,0.0,1.4634883403778076,0.830880144611001
rti_known,rti,L4H11,L9H3,4,9,5,0.007646639920494636,0.007646639920494636,0.0328272245824337,0.05278429016470909,0.05278429016470909,0.0,0.02881835401058197,0.0,1.4855680465698242,0.830880144611001
rti_known,rti,L4H11,L9H10,4,9,5,0.0013013029293915679,0.0013013029293915679,0.03344068303704262,0.043145518749952316,0.043145518749952316,0.0,0.029291780665516853,0.0,1.4813954830169678,0.830880144611001
rti_known,rti,L4H11,L10H11,4,10,6,0.001135472271243998,0.001135472271243998,0.03406674042344093,0.043282050639390945,0.03863836079835892,0.0,0.043282050639390945,0.0,1.5026602745056152,0.830880144611001
rti_known,rti,L4H11,L11H9,4,11,7,-0.00012468257568798435,0.00012468257568798435,0.03065129928290844,0.055289410054683685,0.03153245896100998,0.0,0.055289410054683685,0.0,1.5067821741104126,0.830880144611001
rti_known,rti,L4H11,L11H11,4,11,7,0.0013464164493370845,0.0013464164493370845,0.03736668825149536,0.03986718878149986,0.03986718878149986,0.0,0.03185082599520683,0.0,1.500251293182373,0.830880144611001
rti_known,rti,L4H0,L5H6,4,5,1,-0.000912619993187036,0.000912619993187036,0.047732096165418625,0.03729478642344475,0.03729478642344475,0.0,0.03669369965791702,0.0,1.4305771589279175,0.830880144611001
rti_known,rti,L4H0,L5H7,4,5,1,0.001216007849734524,0.001216007849734524,0.05066584423184395,0.04842253029346466,0.04842253029346466,0.0,0.03941557556390762,0.0,1.4317772388458252,0.830880144611001
rti_known,rti,L4H0,L7H0,4,7,3,5.183386508633703e-05,5.183386508633703e-05,0.0450005866587162,0.04276815056800842,0.04276815056800842,0.0,0.03773979842662811,0.0,1.4306830167770386,0.830880144611001
rti_known,rti,L4H0,L8H4,4,8,4,0.00021735568384428916,0.00021735568384428916,0.04136114940047264,0.04480110481381416,0.04480110481381416,0.0,0.03532400727272034,0.0,1.4756910800933838,0.830880144611001
rti_known,rti,L4H0,L8H7,4,8,4,0.0002584329711226019,0.0002584329711226019,0.04506177455186844,0.04937094822525978,0.04937094822525978,0.0,0.03778526186943054,0.0,1.3928141593933105,0.830880144611001
rti_known,rti,L4H0,L9H3,4,9,5,-3.367194460679457e-05,3.367194460679457e-05,0.036971867084503174,0.0403100848197937,0.0403100848197937,0.0,0.030280787497758865,0.0,1.4739553928375244,0.830880144611001
rti_known,rti,L4H0,L9H10,4,9,5,0.00012099897435291496,0.00012099897435291496,0.038534026592969894,0.04082810878753662,0.04082810878753662,0.0,0.03343980014324188,0.0,1.4868566989898682,0.830880144611001
rti_known,rti,L4H0,L10H11,4,10,6,0.00011215386155072338,0.00011215386155072338,0.03496858850121498,0.0534554161131382,0.0534554161131382,0.0,0.05103360489010811,0.0,1.500354290008545,0.830880144611001
rti_known,rti,L4H0,L11H9,4,11,7,-0.00015259446252002817,0.00015259446252002817,0.03955806419253349,0.038274135440588,0.03696329891681671,0.0,0.038274135440588,0.0,1.4868565797805786,0.830880144611001
rti_known,rti,L4H0,L11H11,4,11,7,-0.00030941035083742463,0.00030941035083742463,0.04350879415869713,0.041312579065561295,0.041312579065561295,0.0,0.036233097314834595,0.0,1.4964900016784668,0.830880144611001
rti_known,rti,L5H6,L5H7,5,5,0,-0.0006976312835149656,0.0006976312835149656,0.03633417934179306,0.0,0.0,0.0,0.0,0.0,1.4639537334442139,0.830880144611001
rti_known,rti,L5H6,L7H0,5,7,2,0.0004962312448242301,0.0004962312448242301,0.06038936972618103,0.04581037163734436,0.04581037163734436,0.0,0.037407949566841125,0.0,1.2830662727355957,0.830880144611001
rti_known,rti,L5H6,L8H4,5,8,3,-5.107466529352678e-05,5.107466529352678e-05,0.03592229261994362,0.03781712427735329,0.03781712427735329,0.0,0.03337685763835907,0.0,1.483185052871704,0.830880144611001
rti_known,rti,L5H6,L8H7,5,8,3,-6.1776391589774e-05,6.1776391589774e-05,0.04350646957755089,0.04415299370884895,0.04415299370884895,0.0,0.03401127830147743,0.0,1.4357292652130127,0.830880144611001
rti_known,rti,L5H6,L9H3,5,9,4,0.000815855204109539,0.000815855204109539,0.03936030715703964,0.04524308815598488,0.04524308815598488,0.0,0.030934475362300873,0.0,1.4602818489074707,0.830880144611001
rti_known,rti,L5H6,L9H10,5,9,4,0.0004925036847680531,0.0004925036847680531,0.03647439926862717,0.03831256926059723,0.03831256926059723,0.0,0.03109574317932129,0.0,1.4745862483978271,0.830880144611001
rti_known,rti,L5H6,L10H11,5,10,5,0.0002757321601620788,0.0002757321601620788,0.036798011511564255,0.04536422714591026,0.0373237319290638,0.0,0.04536422714591026,0.0,1.49658203125,0.830880144611001
rti_known,rti,L5H6,L11H9,5,11,6,-2.2013296074874233e-05,2.2013296074874233e-05,0.033384960144758224,0.05640404671430588,0.03449595347046852,0.0,0.05640404671430588,0.0,1.5087809562683105,0.830880144611001
rti_known,rti,L5H6,L11H11,5,11,6,0.0004931409472419546,0.0004931409472419546,0.04279959574341774,0.039388563483953476,0.039388563483953476,0.0,0.03475131466984749,0.0,1.4911339282989502,0.830880144611001
rti_known,rti,L5H7,L7H0,5,7,2,-2.8278804620640585e-05,2.8278804620640585e-05,0.04045114293694496,0.029592161998152733,0.028549879789352417,0.0,0.029592161998152733,0.0,1.4665011167526245,0.830880144611001
rti_known,rti,L5H7,L8H4,5,8,3,0.0002446455217750554,0.0002446455217750554,0.04929530620574951,0.034923553466796875,0.034923553466796875,0.0,0.03357294946908951,0.0,1.4536466598510742,0.830880144611001
rti_known,rti,L5H7,L8H7,5,8,3,9.51073169517258e-05,9.51073169517258e-05,0.04071195423603058,0.03211086615920067,0.03211086615920067,0.0,0.03033367730677128,0.0,1.470253825187683,0.830880144611001
rti_known,rti,L5H7,L9H3,5,9,4,0.0003551386319031735,0.0003551386319031735,0.04006814584136009,0.03036661446094513,0.028533807024359703,0.0,0.03036661446094513,0.0,1.4788146018981934,0.830880144611001
rti_known,rti,L5H7,L9H10,5,9,4,-2.2203618414096127e-05,2.2203618414096127e-05,0.040709156543016434,0.03207855299115181,0.03145327791571617,0.0,0.03207855299115181,0.0,1.4784884452819824,0.830880144611001
rti_known,rti,L5H7,L10H11,5,10,5,-7.914414709375706e-05,7.914414709375706e-05,0.042974699288606644,0.04448697343468666,0.04448697343468666,0.0,0.04197591543197632,0.0,1.478178858757019,0.830880144611001
rti_known,rti,L5H7,L11H9,5,11,6,2.0119507553317817e-06,2.0119507553317817e-06,0.04274354875087738,0.040533363819122314,0.040533363819122314,0.0,0.03291108459234238,0.0,1.4743255376815796,0.830880144611001
rti_known,rti,L5H7,L11H11,5,11,6,-9.917004604176327e-06,9.917004604176327e-06,0.04038981720805168,0.0379653200507164,0.0379653200507164,0.0,0.03616315498948097,0.0,1.4657310247421265,0.830880144611001
rti_known,rti,L7H0,L8H4,7,8,1,-0.00014221460264707275,0.00014221460264707275,0.03579511493444443,0.045292675495147705,0.045292675495147705,0.0,0.03955323249101639,0.0,1.489071249961853,0.830880144611001
rti_known,rti,L7H0,L8H7,7,8,1,-0.001105732513451585,0.001105732513451585,0.086641326546669,0.05338611081242561,0.05338611081242561,0.0,0.041078243404626846,0.0,1.1637718677520752,0.830880144611001
rti_known,rti,L7H0,L9H3,7,9,2,-0.000364277682251668,0.000364277682251668,0.06885342299938202,0.04974217340350151,0.04974217340350151,0.0,0.03673467040061951,0.0,1.3084228038787842,0.830880144611001
rti_known,rti,L7H0,L9H10,7,9,2,-0.00020902887786178326,0.00020902887786178326,0.04219459369778633,0.04446088522672653,0.04446088522672653,0.0,0.03660847991704941,0.0,1.454592227935791,0.830880144611001
rti_known,rti,L7H0,L10H11,7,10,3,-8.456465934614243e-06,8.456465934614243e-06,0.03537409007549286,0.061140917241573334,0.061140917241573334,0.0,0.054775889962911606,0.0,1.5071361064910889,0.830880144611001
rti_known,rti,L7H0,L11H9,7,11,4,4.398338319333561e-06,4.398338319333561e-06,0.02457789145410061,0.04962907359004021,0.04412832483649254,0.0,0.04962907359004021,0.0,1.5125864744186401,0.830880144611001
rti_known,rti,L7H0,L11H11,7,11,4,-0.0001258148774923029,0.0001258148774923029,0.02952655777335167,0.04579455032944679,0.04579455032944679,0.0,0.03881562128663063,0.0,1.5075006484985352,0.830880144611001
rti_known,rti,L8H4,L8H7,8,8,0,5.347367607555498e-05,5.347367607555498e-05,0.03466278314590454,0.0,0.0,0.0,0.0,0.0,1.4908018112182617,0.830880144611001
rti_known,rti,L8H4,L9H3,8,9,1,-0.0008949343628046336,0.0008949343628046336,0.04007437825202942,0.029978550970554352,0.029978550970554352,0.0,0.02689082734286785,0.0,1.470637321472168,0.830880144611001
rti_known,rti,L8H4,L9H10,8,9,1,0.0005942360697872573,0.0005942360697872573,0.05470326170325279,0.036556944251060486,0.036556944251060486,0.0,0.030383039265871048,0.0,1.3831007480621338,0.830880144611001
rti_known,rti,L8H4,L10H11,8,10,2,0.0002651780412179505,0.0002651780412179505,0.042120229452848434,0.037058502435684204,0.037058502435684204,0.0,0.030565105378627777,0.0,1.480592966079712,0.830880144611001
rti_known,rti,L8H4,L11H9,8,11,3,-1.4307565834315028e-05,1.4307565834315028e-05,0.040901511907577515,0.03556837886571884,0.03556837886571884,0.0,0.02509077824652195,0.0,1.4809443950653076,0.830880144611001
rti_known,rti,L8H4,L11H11,8,11,3,-0.00013215864817084366,0.00013215864817084366,0.0353965125977993,0.03472698852419853,0.03472698852419853,0.0,0.029600506648421288,0.0,1.4825410842895508,0.830880144611001
rti_known,rti,L8H7,L9H3,8,9,1,-9.847052115219412e-05,9.847052115219412e-05,0.08132559061050415,0.04030502215027809,0.04030502215027809,0.0,0.034096285700798035,0.0,1.1374948024749756,0.830880144611001
rti_known,rti,L8H7,L9H10,8,9,1,-0.0003722259826872687,0.0003722259826872687,0.04435170441865921,0.03781142085790634,0.03781142085790634,0.0,0.036015868186950684,0.0,1.4743762016296387,0.830880144611001
rti_known,rti,L8H7,L10H11,8,10,2,1.0328015150662395e-05,1.0328015150662395e-05,0.04980555921792984,0.07445619255304337,0.07445619255304337,0.0,0.05731813609600067,0.0,1.4462783336639404,0.830880144611001
rti_known,rti,L8H7,L11H9,8,11,3,0.00020226672995704575,0.00020226672995704575,0.026432491838932037,0.05391521379351616,0.05391521379351616,0.0,0.04501042515039444,0.0,1.527353286743164,0.830880144611001
rti_known,rti,L8H7,L11H11,8,11,3,7.313989556223532e-05,7.313989556223532e-05,0.02862301655113697,0.05233435332775116,0.05233435332775116,0.0,0.038862984627485275,0.0,1.5107885599136353,0.830880144611001
rti_known,rti,L9H3,L9H10,9,9,0,-0.00031370044371215045,0.00031370044371215045,0.031672850251197815,0.0,0.0,0.0,0.0,0.0,1.4874149560928345,0.830880144611001
rti_known,rti,L9H3,L10H11,9,10,1,0.0002061839578573199,0.0002061839578573199,0.046586692333221436,0.06659400463104248,0.06659400463104248,0.0,0.05126284062862396,0.0,1.449668526649475,0.830880144611001
rti_known,rti,L9H3,L11H9,9,11,2,2.5304172254436708e-05,2.5304172254436708e-05,0.024183236062526703,0.058510128408670425,0.058510128408670425,0.0,0.04490584507584572,0.0,1.5286942720413208,0.830880144611001
rti_known,rti,L9H3,L11H11,9,11,2,-9.608757909518317e-05,9.608757909518317e-05,0.028277883306145668,0.05397874116897583,0.05397874116897583,0.0,0.041334815323352814,0.0,1.5032947063446045,0.830880144611001
rti_known,rti,L9H10,L10H11,9,10,1,0.00027650344850371766,0.00027650344850371766,0.03285665065050125,0.0391792356967926,0.0391792356967926,0.0,0.03404688835144043,0.0,1.501373052597046,0.830880144611001
rti_known,rti,L9H10,L11H9,9,11,2,-0.0002087974571622908,0.0002087974571622908,0.02971980907022953,0.031833160668611526,0.031833160668611526,0.0,0.025481145828962326,0.0,1.5141286849975586,0.830880144611001
rti_known,rti,L9H10,L11H11,9,11,2,-0.000257488628108149,0.000257488628108149,0.030632302165031433,0.03300090134143829,0.03300090134143829,0.0,0.028399460017681122,0.0,1.5061869621276855,0.830880144611001
rti_known,rti,L10H11,L11H9,10,11,1,-0.0005382930368114103,0.0005382930368114103,0.04716305062174797,0.03943531587719917,0.03943531587719917,0.0,0.031116217374801636,0.0,1.4568641185760498,0.830880144611001
rti_known,rti,L10H11,L11H11,10,11,1,-0.000302341392625749,0.000302341392625749,0.0416484959423542,0.03772588446736336,0.03772588446736336,0.0,0.03381340578198433,0.0,1.4629703760147095,0.830880144611001
rti_known,rti,L11H9,L11H11,11,11,0,-1.4444183307205094e-06,1.4444183307205094e-06,0.03476836532354355,0.0,0.0,0.0,0.0,0.0,1.471802830696106,0.830880144611001
rti_EAP,rti,L0H9,L0H10,0,0,0,0.003755341509133814,0.003755341509133814,0.1925843507051468,0.0,0.0,0.0,0.0,0.0,0.9984947443008423,0.2894486263394356
rti_EAP,rti,L0H9,L5H9,0,5,5,0.0022965870742268635,0.0022965870742268635,0.03745854273438454,0.04320407658815384,0.04320407658815384,0.0,0.03798745200037956,0.0,1.4801183938980103,0.2894486263394356
rti_EAP,rti,L0H9,L0H8,0,0,0,-0.004502857644354208,0.004502857644354208,0.1603698879480362,0.0,0.0,0.0,0.0,0.0,1.2484900951385498,0.2894486263394356
rti_EAP,rti,L0H9,L0H6,0,0,0,-0.0006487991086601141,0.0006487991086601141,0.10261371731758118,0.0,0.0,0.0,0.0,0.0,1.3726744651794434,0.2894486263394356
rti_EAP,rti,L0H9,L1H10,0,1,1,-0.0002940309586847434,0.0002940309586847434,0.06147671118378639,0.1268465518951416,0.1268465518951416,0.0,0.0602402463555336,0.0,1.4212570190429688,0.2894486263394356
rti_EAP,rti,L0H9,L2H10,0,2,2,-0.0018628266205382715,0.0018628266205382715,0.04045543447136879,0.12063860148191452,0.05517426133155823,0.0,0.12063860148191452,0.0,1.4826663732528687,0.2894486263394356
rti_EAP,rti,L0H9,L0H11,0,0,0,-0.00055083198083139,0.00055083198083139,0.16010001301765442,0.0,0.0,0.0,0.0,0.0,1.0911494493484497,0.2894486263394356
rti_EAP,rti,L0H9,L1H3,0,1,1,-0.0002739011474659492,0.0002739011474659492,0.057361047714948654,0.1104937493801117,0.1104937493801117,0.0,0.07215484976768494,0.0,1.4334683418273926,0.2894486263394356
rti_EAP,rti,L0H9,L0H1,0,0,0,-0.006548358769521201,0.006548358769521201,0.07932672649621964,0.0,0.0,0.0,0.0,0.0,1.3692591190338135,0.2894486263394356
rti_EAP,rti,L0H9,L4H7,0,4,4,-0.0010949896198440001,0.0010949896198440001,0.03856746852397919,0.06705809384584427,0.04054059833288193,0.0,0.06705809384584427,0.0,1.4689652919769287,0.2894486263394356
rti_EAP,rti,L0H9,L2H0,0,2,2,-0.0016067870469100853,0.0016067870469100853,0.03875661641359329,0.09713468700647354,0.056588176637887955,0.0,0.09713468700647354,0.0,1.4743391275405884,0.2894486263394356
rti_EAP,rti,L0H9,L0H5,0,0,0,-0.0010587338611571795,0.0010587338611571795,0.046187423169612885,0.0,0.0,0.0,0.0,0.0,1.4685726165771484,0.2894486263394356
rti_EAP,rti,L0H9,L0H3,0,0,0,-0.00233801333683914,0.00233801333683914,0.051835186779499054,0.0,0.0,0.0,0.0,0.0,1.441412091255188,0.2894486263394356
rti_EAP,rti,L0H9,L2H8,0,2,2,-0.000736778093198609,0.000736778093198609,0.0384562723338604,0.12309228628873825,0.04896741732954979,0.0,0.12309228628873825,0.0,1.462470531463623,0.2894486263394356
rti_EAP,rti,L0H10,L5H9,0,5,5,0.002111702960007733,0.002111702960007733,0.037123244255781174,0.03556818515062332,0.03556818515062332,0.0,0.03388572484254837,0.0,1.4838190078735352,0.2894486263394356
rti_EAP,rti,L0H10,L0H8,0,0,0,0.017660763256287737,0.017660763256287737,0.12611329555511475,0.0,0.0,0.0,0.0,0.0,1.2714903354644775,0.2894486263394356
rti_EAP,rti,L0H10,L0H6,0,0,0,0.0019435945055761294,0.0019435945055761294,0.09101017564535141,0.0,0.0,0.0,0.0,0.0,1.3742011785507202,0.2894486263394356
rti_EAP,rti,L0H10,L1H10,0,1,1,0.00026150274675273977,0.00026150274675273977,0.035981833934783936,0.03302070125937462,0.03302070125937462,0.0,0.029904067516326904,0.0,1.477473258972168,0.2894486263394356
rti_EAP,rti,L0H10,L2H10,0,2,2,0.004007019564994607,0.004007019564994607,0.03995890915393829,0.0444234237074852,0.03194405511021614,0.0,0.0444234237074852,0.0,1.4744226932525635,0.2894486263394356
rti_EAP,rti,L0H10,L0H11,0,0,0,0.003035366424342101,0.003035366424342101,0.07014119625091553,0.0,0.0,0.0,0.0,0.0,1.3612282276153564,0.2894486263394356
rti_EAP,rti,L0H10,L1H3,0,1,1,-0.005350232307250735,0.005350232307250735,0.036345478147268295,0.034515757113695145,0.034515757113695145,0.0,0.0332341194152832,0.0,1.4839144945144653,0.2894486263394356
rti_EAP,rti,L0H10,L0H1,0,0,0,0.028750956753071932,0.028750956753071932,0.08936531841754913,0.0,0.0,0.0,0.0,0.0,1.2771823406219482,0.2894486263394356
rti_EAP,rti,L0H10,L4H7,0,4,4,0.0007071723378544448,0.0007071723378544448,0.03627132996916771,0.043560925871133804,0.03267979621887207,0.0,0.043560925871133804,0.0,1.4778218269348145,0.2894486263394356
rti_EAP,rti,L0H10,L2H0,0,2,2,0.0030868229493421495,0.0030868229493421495,0.04026733338832855,0.035633500665426254,0.029320336878299713,0.0,0.035633500665426254,0.0,1.4634840488433838,0.2894486263394356
rti_EAP,rti,L0H10,L0H5,0,0,0,0.0076205354171747786,0.0076205354171747786,0.04521653801202774,0.0,0.0,0.0,0.0,0.0,1.4676473140716553,0.2894486263394356
rti_EAP,rti,L0H10,L0H3,0,0,0,0.005564316646200496,0.005564316646200496,0.054070908576250076,0.0,0.0,0.0,0.0,0.0,1.4238817691802979,0.2894486263394356
rti_EAP,rti,L0H10,L2H8,0,2,2,0.0012895088378286346,0.0012895088378286346,0.038863055408000946,0.036418475210666656,0.028585035353899002,0.0,0.036418475210666656,0.0,1.4681566953659058,0.2894486263394356
rti_EAP,rti,L5H9,L0H8,5,0,5,0.0009667454170880774,0.0009667454170880774,0.036443550139665604,0.032494138926267624,0.0,0.032418277114629745,0.0,0.032494138926267624,1.4910295009613037,0.2894486263394356
rti_EAP,rti,L5H9,L0H6,5,0,5,0.0016457560868161636,0.0016457560868161636,0.03652356564998627,0.030317123979330063,0.0,0.030317123979330063,0.0,0.03025888279080391,1.4986920356750488,0.2894486263394356
rti_EAP,rti,L5H9,L1H10,5,1,4,0.0009533218313890757,0.0009533218313890757,0.039078664034605026,0.05122825503349304,0.0,0.05122825503349304,0.0,0.035166673362255096,1.4807900190353394,0.2894486263394356
rti_EAP,rti,L5H9,L2H10,5,2,3,-0.0010898820286797672,0.0010898820286797672,0.050927020609378815,0.04770548269152641,0.0,0.04770548269152641,0.0,0.0431777723133564,1.4278669357299805,0.2894486263394356
rti_EAP,rti,L5H9,L0H11,5,0,5,0.0012708814070947483,0.0012708814070947483,0.03587913513183594,0.042106058448553085,0.0,0.03899867460131645,0.0,0.042106058448553085,1.477105975151062,0.2894486263394356
rti_EAP,rti,L5H9,L1H3,5,1,4,0.0028778524120980364,0.0028778524120980364,0.03951437771320343,0.04634275659918785,0.0,0.04634275659918785,0.0,0.04284936189651489,1.487812876701355,0.2894486263394356
rti_EAP,rti,L5H9,L0H1,5,0,5,0.008891875843517028,0.008891875843517028,0.037372324615716934,0.0303777065128088,0.0,0.0303777065128088,0.0,0.02968575991690159,1.474766731262207,0.2894486263394356
rti_EAP,rti,L5H9,L4H7,5,4,1,-0.00211110005517412,0.00211110005517412,0.058818452060222626,0.03979577124118805,0.0,0.03911175578832626,0.0,0.03979577124118805,1.3148918151855469,0.2894486263394356
rti_EAP,rti,L5H9,L2H0,5,2,3,0.0011376542801713185,0.0011376542801713185,0.04316505044698715,0.04030744731426239,0.0,0.04030744731426239,0.0,0.040003325790166855,1.4541879892349243,0.2894486263394356
rti_EAP,rti,L5H9,L0H5,5,0,5,0.006263455565147069,0.006263455565147069,0.03689584136009216,0.03085383214056492,0.0,0.03085383214056492,0.0,0.030736524611711502,1.4849553108215332,0.2894486263394356
rti_EAP,rti,L5H9,L0H3,5,0,5,0.004491602134407913,0.004491602134407913,0.03807085007429123,0.032540518790483475,0.0,0.032540518790483475,0.0,0.031851109117269516,1.4816241264343262,0.2894486263394356
rti_EAP,rti,L5H9,L2H8,5,2,3,0.0022868100641630917,0.0022868100641630917,0.03875502943992615,0.03966989368200302,0.0,0.03838162124156952,0.0,0.03966989368200302,1.4859064817428589,0.2894486263394356
rti_EAP,rti,L0H8,L0H6,0,0,0,0.000401192463471034,0.000401192463471034,0.2776108682155609,0.0,0.0,0.0,0.0,0.0,1.2716264724731445,0.2894486263394356
rti_EAP,rti,L0H8,L1H10,0,1,1,-0.0005439425058284542,0.0005439425058284542,0.042923230677843094,0.0325189083814621,0.0325189083814621,0.0,0.02725832723081112,0.0,1.4642083644866943,0.2894486263394356
rti_EAP,rti,L0H8,L2H10,0,2,2,-0.0013666651515791273,0.0013666651515791273,0.03718879818916321,0.040050700306892395,0.03177644684910774,0.0,0.040050700306892395,0.0,1.4875023365020752,0.2894486263394356
rti_EAP,rti,L0H8,L0H11,0,0,0,-0.0007897992559264821,0.0007897992559264821,0.11105382442474365,0.0,0.0,0.0,0.0,0.0,1.2741522789001465,0.2894486263394356
rti_EAP,rti,L0H8,L1H3,0,1,1,0.0013374028800399174,0.0013374028800399174,0.043386198580265045,0.03315289691090584,0.03315289691090584,0.0,0.02999153360724449,0.0,1.4655356407165527,0.2894486263394356
rti_EAP,rti,L0H8,L0H1,0,0,0,-0.015313899723935265,0.015313899723935265,0.07230084389448166,0.0,0.0,0.0,0.0,0.0,1.4131838083267212,0.2894486263394356
rti_EAP,rti,L0H8,L4H7,0,4,4,0.0012346928829742865,0.0012346928829742865,0.03932186961174011,0.0497274175286293,0.032282207161188126,0.0,0.0497274175286293,0.0,1.4677069187164307,0.2894486263394356
rti_EAP,rti,L0H8,L2H0,0,2,2,0.002220301941804337,0.002220301941804337,0.03475450724363327,0.03182532265782356,0.028808454051613808,0.0,0.03182532265782356,0.0,1.481227159500122,0.2894486263394356
rti_EAP,rti,L0H8,L0H5,0,0,0,-0.002079348027962169,0.002079348027962169,0.061727870255708694,0.0,0.0,0.0,0.0,0.0,1.4629271030426025,0.2894486263394356
rti_EAP,rti,L0H8,L0H3,0,0,0,-0.003358599502803372,0.003358599502803372,0.05384122580289841,0.0,0.0,0.0,0.0,0.0,1.4499932527542114,0.2894486263394356
rti_EAP,rti,L0H8,L2H8,0,2,2,0.0017689200795416582,0.0017689200795416582,0.03760123625397682,0.033296242356300354,0.02505822665989399,0.0,0.033296242356300354,0.0,1.4800008535385132,0.2894486263394356
rti_EAP,rti,L0H6,L1H10,0,1,1,0.00015962404359015636,0.00015962404359015636,0.03895800933241844,0.023489123210310936,0.023489123210310936,0.0,0.02272276021540165,0.0,1.4782572984695435,0.2894486263394356
rti_EAP,rti,L0H6,L2H10,0,2,2,-0.000632913861011275,0.000632913861011275,0.03856069967150688,0.030969511717557907,0.028558513149619102,0.0,0.030969511717557907,0.0,1.464245319366455,0.2894486263394356
rti_EAP,rti,L0H6,L0H11,0,0,0,-0.0005886721299930286,0.0005886721299930286,0.08685178309679031,0.0,0.0,0.0,0.0,0.0,1.4098577499389648,0.2894486263394356
rti_EAP,rti,L0H6,L1H3,0,1,1,0.0008807036940652324,0.0008807036940652324,0.040748462080955505,0.026329129934310913,0.02534670941531658,0.0,0.026329129934310913,0.0,1.4836349487304688,0.2894486263394356
rti_EAP,rti,L0H6,L0H1,0,0,0,-0.0009356995587381789,0.0009356995587381789,0.05788314342498779,0.0,0.0,0.0,0.0,0.0,1.4368088245391846,0.2894486263394356
rti_EAP,rti,L0H6,L4H7,0,4,4,0.0012651895833073468,0.0012651895833073468,0.037921614944934845,0.033142223954200745,0.028315775096416473,0.0,0.033142223954200745,0.0,1.4734119176864624,0.2894486263394356
rti_EAP,rti,L0H6,L2H0,0,2,2,-0.00034269915994400435,0.00034269915994400435,0.03336191177368164,0.027664804831147194,0.027664804831147194,0.0,0.026107799261808395,0.0,1.4902806282043457,0.2894486263394356
rti_EAP,rti,L0H6,L0H5,0,0,0,0.0006478636584574815,0.0006478636584574815,0.05822131782770157,0.0,0.0,0.0,0.0,0.0,1.4669851064682007,0.2894486263394356
rti_EAP,rti,L0H6,L0H3,0,0,0,-0.0018936047630404573,0.0018936047630404573,0.04629991576075554,0.0,0.0,0.0,0.0,0.0,1.4798405170440674,0.2894486263394356
rti_EAP,rti,L0H6,L2H8,0,2,2,-0.00026338966478078873,0.00026338966478078873,0.034383367747068405,0.025341033935546875,0.025341033935546875,0.0,0.023380355909466743,0.0,1.4802870750427246,0.2894486263394356
rti_EAP,rti,L1H10,L2H10,1,2,1,0.0002125677294770867,0.0002125677294770867,0.07007879763841629,0.06852126121520996,0.061801038682460785,0.0,0.06852126121520996,0.0,1.436368703842163,0.2894486263394356
rti_EAP,rti,L1H10,L0H11,1,0,1,0.00010345849165105392,0.00010345849165105392,0.09075789898633957,0.14428958296775818,0.0,0.14428958296775818,0.0,0.06778358668088913,1.3829007148742676,0.2894486263394356
rti_EAP,rti,L1H10,L1H3,1,1,0,-0.0013995869181258058,0.0013995869181258058,0.14311861991882324,0.0,0.0,0.0,0.0,0.0,1.1588984727859497,0.2894486263394356
rti_EAP,rti,L1H10,L0H1,1,0,1,0.0004880699398199795,0.0004880699398199795,0.03887762129306793,0.026119155809283257,0.0,0.019218062981963158,0.0,0.026119155809283257,1.483487606048584,0.2894486263394356
rti_EAP,rti,L1H10,L4H7,1,4,3,-0.0004996895916065114,0.0004996895916065114,0.04021739959716797,0.057812802493572235,0.041922517120838165,0.0,0.057812802493572235,0.0,1.4546589851379395,0.2894486263394356
rti_EAP,rti,L1H10,L2H0,1,2,1,-0.00015650070918127312,0.00015650070918127312,0.038146112114191055,0.05501196160912514,0.05501196160912514,0.0,0.0452885739505291,0.0,1.4435219764709473,0.2894486263394356
rti_EAP,rti,L1H10,L0H5,1,0,1,0.00036409015865501715,0.00036409015865501715,0.03533678874373436,0.023395583033561707,0.0,0.020399952307343483,0.0,0.023395583033561707,1.4907774925231934,0.2894486263394356
rti_EAP,rti,L1H10,L0H3,1,0,1,-0.0011217613331950815,0.0011217613331950815,0.035354144871234894,0.02366635948419571,0.0,0.02146243490278721,0.0,0.02366635948419571,1.4853739738464355,0.2894486263394356
rti_EAP,rti,L1H10,L2H8,1,2,1,0.0005681350438635491,0.0005681350438635491,0.03252844512462616,0.053294118493795395,0.047791533172130585,0.0,0.053294118493795395,0.0,1.4795713424682617,0.2894486263394356
rti_EAP,rti,L2H10,L0H11,2,0,2,-0.0005651272374507244,0.0005651272374507244,0.04427073523402214,0.15386123955249786,0.0,0.06409052759408951,0.0,0.15386123955249786,1.4656126499176025,0.2894486263394356
rti_EAP,rti,L2H10,L1H3,2,1,1,0.0038945838970221303,0.0038945838970221303,0.06868167221546173,0.08678225427865982,0.0,0.06401019543409348,0.0,0.08678225427865982,1.3973650932312012,0.2894486263394356
rti_EAP,rti,L2H10,L0H1,2,0,2,-0.007644052838429616,0.007644052838429616,0.038067400455474854,0.02631404995918274,0.0,0.024380117654800415,0.0,0.02631404995918274,1.4591026306152344,0.2894486263394356
rti_EAP,rti,L2H10,L4H7,2,4,2,-0.0034086510997326513,0.0034086510997326513,0.04792335629463196,0.054083451628685,0.054083451628685,0.0,0.053495973348617554,0.0,1.4465863704681396,0.2894486263394356
rti_EAP,rti,L2H10,L2H0,2,2,0,-0.0017226376876919858,0.0017226376876919858,0.06044088676571846,0.0,0.0,0.0,0.0,0.0,1.3324298858642578,0.2894486263394356
rti_EAP,rti,L2H10,L0H5,2,0,2,-0.0003740542479704345,0.0003740542479704345,0.03649142384529114,0.024412455037236214,0.0,0.023938823491334915,0.0,0.024412455037236214,1.4880435466766357,0.2894486263394356
rti_EAP,rti,L2H10,L0H3,2,0,2,-0.0009865859171895863,0.0009865859171895863,0.03701901063323021,0.02795645035803318,0.0,0.025130515918135643,0.0,0.02795645035803318,1.4820749759674072,0.2894486263394356
rti_EAP,rti,L2H10,L2H8,2,2,0,-6.814559014856059e-07,6.814559014856059e-07,0.04762772470712662,0.0,0.0,0.0,0.0,0.0,1.4177988767623901,0.2894486263394356
rti_EAP,rti,L0H11,L1H3,0,1,1,-0.0006558483852927566,0.0006558483852927566,0.07768072932958603,0.12646785378456116,0.12646785378456116,0.0,0.07609299570322037,0.0,1.3959625959396362,0.2894486263394356
rti_EAP,rti,L0H11,L0H1,0,0,0,-0.0028765505908268096,0.0028765505908268096,0.04452712833881378,0.0,0.0,0.0,0.0,0.0,1.4409443140029907,0.2894486263394356
rti_EAP,rti,L0H11,L4H7,0,4,4,0.0006461519419644901,0.0006461519419644901,0.0374431312084198,0.08376893401145935,0.042254820466041565,0.0,0.08376893401145935,0.0,1.4630424976348877,0.2894486263394356
rti_EAP,rti,L0H11,L2H0,0,2,2,0.0002811273565157535,0.0002811273565157535,0.03571507707238197,0.11407261341810226,0.06326961517333984,0.0,0.11407261341810226,0.0,1.471727728843689,0.2894486263394356
rti_EAP,rti,L0H11,L0H5,0,0,0,-0.0020313753628897757,0.0020313753628897757,0.0395239032804966,0.0,0.0,0.0,0.0,0.0,1.4775962829589844,0.2894486263394356
rti_EAP,rti,L0H11,L0H3,0,0,0,-0.000606867551312007,0.000606867551312007,0.04012288525700569,0.0,0.0,0.0,0.0,0.0,1.460993766784668,0.2894486263394356
rti_EAP,rti,L0H11,L2H8,0,2,2,-0.0004122323059618793,0.0004122323059618793,0.03400443121790886,0.14548134803771973,0.05205178260803223,0.0,0.14548134803771973,0.0,1.4854642152786255,0.2894486263394356
rti_EAP,rti,L1H3,L0H1,1,0,1,0.010931647420989066,0.010931647420989066,0.03664814680814743,0.0271465927362442,0.0,0.021029163151979446,0.0,0.0271465927362442,1.4786219596862793,0.2894486263394356
rti_EAP,rti,L1H3,L4H7,1,4,3,-7.606903068335669e-05,7.606903068335669e-05,0.04135272279381752,0.08127844333648682,0.046871282160282135,0.0,0.08127844333648682,0.0,1.4493114948272705,0.2894486263394356
rti_EAP,rti,L1H3,L2H0,1,2,1,-0.000882216019704174,0.000882216019704174,0.04383818060159683,0.05541259050369263,0.05541259050369263,0.0,0.05305252969264984,0.0,1.4175629615783691,0.2894486263394356
rti_EAP,rti,L1H3,L0H5,1,0,1,0.0007405102364828053,0.0007405102364828053,0.038497745990753174,0.02453363873064518,0.0,0.022353116422891617,0.0,0.02453363873064518,1.479742169380188,0.2894486263394356
rti_EAP,rti,L1H3,L0H3,1,0,1,0.003948508454584498,0.003948508454584498,0.03593257814645767,0.02512884885072708,0.0,0.023050906136631966,0.0,0.02512884885072708,1.4917396306991577,0.2894486263394356
rti_EAP,rti,L1H3,L2H8,1,2,1,0.0011441557717262185,0.0011441557717262185,0.03270475193858147,0.06329100579023361,0.04664472118020058,0.0,0.06329100579023361,0.0,1.4917736053466797,0.2894486263394356
rti_EAP,rti,L0H1,L4H7,0,4,4,0.010037313375562462,0.010037313375562462,0.03286034241318703,0.03091394156217575,0.026830367743968964,0.0,0.03091394156217575,0.0,1.478179693222046,0.2894486263394356
rti_EAP,rti,L0H1,L2H0,0,2,2,0.0007355398035429062,0.0007355398035429062,0.03805023431777954,0.026362953707575798,0.025492839515209198,0.0,0.026362953707575798,0.0,1.4765174388885498,0.2894486263394356
rti_EAP,rti,L0H1,L0H5,0,0,0,-0.01864244328606901,0.01864244328606901,0.03401057794690132,0.0,0.0,0.0,0.0,0.0,1.500058889389038,0.2894486263394356
rti_EAP,rti,L0H1,L0H3,0,0,0,-0.016536159872998724,0.016536159872998724,0.04777761921286583,0.0,0.0,0.0,0.0,0.0,1.469705581665039,0.2894486263394356
rti_EAP,rti,L0H1,L2H8,0,2,2,0.003191630104140586,0.003191630104140586,0.036728885024785995,0.02550404518842697,0.02550404518842697,0.0,0.02248758263885975,0.0,1.478194236755371,0.2894486263394356
rti_EAP,rti,L4H7,L2H0,4,2,2,-0.0003893585839591651,0.0003893585839591651,0.03749504312872887,0.05369170755147934,0.0,0.05369170755147934,0.0,0.05244515836238861,1.481635332107544,0.2894486263394356
rti_EAP,rti,L4H7,L0H5,4,0,4,0.0014310880289372108,0.0014310880289372108,0.03382796421647072,0.028661219403147697,0.0,0.024818573147058487,0.0,0.028661219403147697,1.4744832515716553,0.2894486263394356
rti_EAP,rti,L4H7,L0H3,4,0,4,-0.0005260744965198683,0.0005260744965198683,0.03304784744977951,0.032145459204912186,0.0,0.02684829570353031,0.0,0.032145459204912186,1.495110273361206,0.2894486263394356
rti_EAP,rti,L4H7,L2H8,4,2,2,-0.0017778796535026231,0.0017778796535026231,0.03728867694735527,0.04962402954697609,0.0,0.04962402954697609,0.0,0.045626431703567505,1.480306625366211,0.2894486263394356
rti_EAP,rti,L2H0,L0H5,2,0,2,-8.283004507347869e-05,8.283004507347869e-05,0.035613052546978,0.025924760848283768,0.0,0.025924760848283768,0.0,0.025744345039129257,1.4885914325714111,0.2894486263394356
rti_EAP,rti,L2H0,L0H3,2,0,2,-0.00034032778910386696,0.00034032778910386696,0.036199480295181274,0.027821842581033707,0.0,0.02772766351699829,0.0,0.027821842581033707,1.4854347705841064,0.2894486263394356
rti_EAP,rti,L2H0,L2H8,2,2,0,0.0002654668181207853,0.0002654668181207853,0.05577975884079933,0.0,0.0,0.0,0.0,0.0,1.3349679708480835,0.2894486263394356
rti_EAP,rti,L0H5,L0H3,0,0,0,-0.0032649311896193467,0.0032649311896193467,0.03572110831737518,0.0,0.0,0.0,0.0,0.0,1.5015106201171875,0.2894486263394356
rti_EAP,rti,L0H5,L2H8,0,2,2,0.0002711441263159031,0.0002711441263159031,0.036268703639507294,0.025503261014819145,0.025503261014819145,0.0,0.022394703701138496,0.0,1.4888174533843994,0.2894486263394356
rti_EAP,rti,L0H3,L2H8,0,2,2,0.0005256437852949603,0.0005256437852949603,0.03647732362151146,0.02620686963200569,0.02620686963200569,0.0,0.025068998336791992,0.0,1.489911437034607,0.2894486263394356
rti_C5_walsh,rti,L0H9,L11H2,0,11,11,-0.00037363442163496074,0.00037363442163496074,0.03238217532634735,0.07091198116540909,0.04607550799846649,0.0,0.07091198116540909,0.0,1.4897292852401733,0.32879156805574894
rti_C5_walsh,rti,L0H9,L4H11,0,4,4,-0.0006239060308530497,0.0006239060308530497,0.045571498572826385,0.12635213136672974,0.04425628110766411,0.0,0.12635213136672974,0.0,1.4377617835998535,0.32879156805574894
rti_C5_walsh,rti,L0H9,L10H6,0,10,10,0.0009022409487897676,0.0009022409487897676,0.030434500426054,0.06953614950180054,0.044458527117967606,0.0,0.06953614950180054,0.0,1.5076539516448975,0.32879156805574894
rti_C5_walsh,rti,L0H9,L7H9,0,7,7,0.0009649803737374896,0.0009649803737374896,0.03673138469457626,0.08427929133176804,0.05760575085878372,0.0,0.08427929133176804,0.0,1.487760305404663,0.32879156805574894
rti_C5_walsh,rti,L0H9,L10H7,0,10,10,-0.004107762037847351,0.004107762037847351,0.03251783549785614,0.059717413038015366,0.03723469749093056,0.0,0.059717413038015366,0.0,1.49124276638031,0.32879156805574894
rti_C5_walsh,rti,L0H9,L9H9,0,9,9,0.000845646468292216,0.000845646468292216,0.030574794858694077,0.06277433037757874,0.03921797126531601,0.0,0.06277433037757874,0.0,1.4970611333847046,0.32879156805574894
rti_C5_walsh,rti,L0H9,L5H6,0,5,5,0.00015911548456415403,0.00015911548456415403,0.046726044267416,0.05585480481386185,0.04550871253013611,0.0,0.05585480481386185,0.0,1.4298958778381348,0.32879156805574894
rti_C5_walsh,rti,L0H9,L4H0,0,4,4,0.00015748456138453548,0.00015748456138453548,0.03785756230354309,0.08507465571165085,0.046255748718976974,0.0,0.08507465571165085,0.0,1.482322096824646,0.32879156805574894
rti_C5_walsh,rti,L0H9,L2H11,0,2,2,0.0010460303413992733,0.0010460303413992733,0.05321769788861275,0.11680024862289429,0.11680024862289429,0.0,0.075314961373806,0.0,1.4300775527954102,0.32879156805574894
rti_C5_walsh,rti,L0H9,L8H7,0,8,8,0.00025289338947231954,0.00025289338947231954,0.04843173921108246,0.10353969037532806,0.07419714331626892,0.0,0.10353969037532806,0.0,1.4613969326019287,0.32879156805574894
rti_C5_walsh,rti,L0H9,L1H5,0,1,1,0.0003085633420596423,0.0003085633420596423,0.03829468786716461,0.04556497186422348,0.04385850206017494,0.0,0.04556497186422348,0.0,1.471390962600708,0.32879156805574894
rti_C5_walsh,rti,L0H9,L11H10,0,11,11,-0.001787315459864658,0.001787315459864658,0.03482276573777199,0.07518593221902847,0.05019548907876015,0.0,0.07518593221902847,0.0,1.4954233169555664,0.32879156805574894
rti_C5_walsh,rti,L0H9,L1H3,0,1,1,0.00022734062179097236,0.00022734062179097236,0.057361047714948654,0.1104937493801117,0.1104937493801117,0.0,0.07215484976768494,0.0,1.4334683418273926,0.32879156805574894
rti_C5_walsh,rti,L0H9,L6H11,0,6,6,0.00011424472529597551,0.00011424472529597551,0.03545631095767021,0.08695497363805771,0.05223580449819565,0.0,0.08695497363805771,0.0,1.4786045551300049,0.32879156805574894
rti_C5_walsh,rti,L11H2,L4H11,11,4,7,-0.004552457985425917,0.004552457985425917,0.029534002766013145,0.04217575863003731,0.0,0.03177487105131149,0.0,0.04217575863003731,1.5183569192886353,0.32879156805574894
rti_C5_walsh,rti,L11H2,L10H6,11,10,1,-0.003879197062133244,0.003879197062133244,0.06096354126930237,0.030725358054041862,0.0,0.030725358054041862,0.0,0.029116783291101456,1.4492782354354858,0.32879156805574894
rti_C5_walsh,rti,L11H2,L7H9,11,7,4,-0.006801617337941934,0.006801617337941934,0.03384362533688545,0.04360448196530342,0.0,0.04360448196530342,0.0,0.028999201953411102,1.5198466777801514,0.32879156805574894
rti_C5_walsh,rti,L11H2,L10H7,11,10,1,-0.002535333214950697,0.002535333214950697,0.07436636090278625,0.03962340205907822,0.0,0.03962340205907822,0.0,0.023200351744890213,1.390796422958374,0.32879156805574894
rti_C5_walsh,rti,L11H2,L9H9,11,9,2,-0.017436241697396326,0.017436241697396326,0.07349734008312225,0.03375599533319473,0.0,0.03375599533319473,0.0,0.01753208041191101,1.3969465494155884,0.32879156805574894
rti_C5_walsh,rti,L11H2,L5H6,11,5,6,-0.001109346668897615,0.001109346668897615,0.03284386917948723,0.04350040480494499,0.0,0.03207625076174736,0.0,0.04350040480494499,1.5219511985778809,0.32879156805574894
rti_C5_walsh,rti,L11H2,L4H0,11,4,7,0.0005818332254534653,0.0005818332254534653,0.03301293030381203,0.03461678326129913,0.0,0.03356609866023064,0.0,0.03461678326129913,1.508056640625,0.32879156805574894
rti_C5_walsh,rti,L11H2,L2H11,11,2,9,3.473473225312773e-05,3.473473225312773e-05,0.024338282644748688,0.04173306003212929,0.0,0.04173306003212929,0.0,0.036375246942043304,1.5202052593231201,0.32879156805574894
rti_C5_walsh,rti,L11H2,L8H7,11,8,3,0.0012136843318444335,0.0012136843318444335,0.02366531454026699,0.04605467990040779,0.0,0.04605467990040779,0.0,0.04155537113547325,1.5126241445541382,0.32879156805574894
rti_C5_walsh,rti,L11H2,L1H5,11,1,10,0.0010922726194166898,0.0010922726194166898,0.03525448217988014,0.03388342261314392,0.0,0.032119348645210266,0.0,0.03388342261314392,1.4964232444763184,0.32879156805574894
rti_C5_walsh,rti,L11H2,L11H10,11,11,0,4.259392107996973e-05,4.259392107996973e-05,0.06738010793924332,0.0,0.0,0.0,0.0,0.0,1.3834037780761719,0.32879156805574894
rti_C5_walsh,rti,L11H2,L1H3,11,1,10,0.0006490388506108502,0.0006490388506108502,0.026392905041575432,0.05954515188932419,0.0,0.04941731318831444,0.0,0.05954515188932419,1.52191162109375,0.32879156805574894
rti_C5_walsh,rti,L11H2,L6H11,11,6,5,0.0006307582975750847,0.0006307582975750847,0.026212114840745926,0.033258553594350815,0.0,0.033258553594350815,0.0,0.030475711449980736,1.5167994499206543,0.32879156805574894
rti_C5_walsh,rti,L4H11,L10H6,4,10,6,0.013107602220713943,0.013107602220713943,0.028165152296423912,0.05038855969905853,0.03127671778202057,0.0,0.05038855969905853,0.0,1.5205702781677246,0.32879156805574894
rti_C5_walsh,rti,L4H11,L7H9,4,7,3,0.028954537401375546,0.028954537401375546,0.038113269954919815,0.0336759127676487,0.033491797745227814,0.0,0.0336759127676487,0.0,1.463900089263916,0.32879156805574894
rti_C5_walsh,rti,L4H11,L10H7,4,10,6,-0.08431822642097586,0.08431822642097586,0.039697326719760895,0.030333662405610085,0.02935425005853176,0.0,0.030333662405610085,0.0,1.5124056339263916,0.32879156805574894
rti_C5_walsh,rti,L4H11,L9H9,4,9,5,0.0769746334403294,0.0769746334403294,0.02954276092350483,0.0683073103427887,0.03262772038578987,0.0,0.0683073103427887,0.0,1.5302681922912598,0.32879156805574894
rti_C5_walsh,rti,L4H11,L5H6,4,5,1,-0.03439178319649727,0.03439178319649727,0.08573028445243835,0.0796634629368782,0.0796634629368782,0.0,0.06157374754548073,0.0,1.0201122760772705,0.32879156805574894
rti_C5_walsh,rti,L4H11,L4H0,4,4,0,-0.006538272683087598,0.006538272683087598,0.04617010056972504,0.0,0.0,0.0,0.0,0.0,1.4089175462722778,0.32879156805574894
rti_C5_walsh,rti,L4H11,L2H11,4,2,2,0.003131383291417933,0.003131383291417933,0.04286375641822815,0.04980261251330376,0.0,0.04980261251330376,0.0,0.045561451464891434,1.4621702432632446,0.32879156805574894
rti_C5_walsh,rti,L4H11,L8H7,4,8,4,0.0009766791595211544,0.0009766791595211544,0.035725269466638565,0.05335089936852455,0.05335089936852455,0.0,0.03163927420973778,0.0,1.4634883403778076,0.32879156805574894
rti_C5_walsh,rti,L4H11,L1H5,4,1,3,-0.0011980608214230415,0.0011980608214230415,0.040726661682128906,0.03341783583164215,0.0,0.03341783583164215,0.0,0.02600148692727089,1.4743537902832031,0.32879156805574894
rti_C5_walsh,rti,L4H11,L11H10,4,11,7,-0.05481924282963746,0.05481924282963746,0.03714180737733841,0.03761843964457512,0.03761843964457512,0.0,0.027277272194623947,0.0,1.499617576599121,0.32879156805574894
rti_C5_walsh,rti,L4H11,L1H3,4,1,3,-0.0008587455890278761,0.0008587455890278761,0.03455204889178276,0.15967772901058197,0.0,0.05058811232447624,0.0,0.15967772901058197,1.4812030792236328,0.32879156805574894
rti_C5_walsh,rti,L4H11,L6H11,4,6,2,3.0125721252716176e-05,3.0125721252716176e-05,0.04003194347023964,0.042616650462150574,0.042616650462150574,0.0,0.030198128893971443,0.0,1.4764397144317627,0.32879156805574894
rti_C5_walsh,rti,L10H6,L7H9,10,7,3,0.005188426781273847,0.005188426781273847,0.03258008882403374,0.047795772552490234,0.0,0.047795772552490234,0.0,0.03211791068315506,1.5139009952545166,0.32879156805574894
rti_C5_walsh,rti,L10H6,L10H7,10,10,0,-0.0006561229246244693,0.0006561229246244693,0.07074006646871567,0.0,0.0,0.0,0.0,0.0,1.3446835279464722,0.32879156805574894
rti_C5_walsh,rti,L10H6,L9H9,10,9,1,-0.0012554626082419418,0.0012554626082419418,0.06464306265115738,0.026682930067181587,0.0,0.026682930067181587,0.0,0.021923666819930077,1.3660274744033813,0.32879156805574894
rti_C5_walsh,rti,L10H6,L5H6,10,5,5,0.0030427797498191467,0.0030427797498191467,0.031439684331417084,0.051354993134737015,0.0,0.032283686101436615,0.0,0.051354993134737015,1.5124692916870117,0.32879156805574894
rti_C5_walsh,rti,L10H6,L4H0,10,4,6,0.00041794259772132136,0.00041794259772132136,0.033974844962358475,0.036817293614149094,0.0,0.035250578075647354,0.0,0.036817293614149094,1.5047905445098877,0.32879156805574894
rti_C5_walsh,rti,L10H6,L2H11,10,2,8,-0.00024046898818141926,0.00024046898818141926,0.02671615593135357,0.045559123158454895,0.0,0.045559123158454895,0.0,0.036599092185497284,1.5120465755462646,0.32879156805574894
rti_C5_walsh,rti,L10H6,L8H7,10,8,2,1.0290419993452815e-05,1.0290419993452815e-05,0.0250532329082489,0.055817581713199615,0.0,0.055817581713199615,0.0,0.04356439411640167,1.5147113800048828,0.32879156805574894
rti_C5_walsh,rti,L10H6,L1H5,10,1,9,0.0009391491406631758,0.0009391491406631758,0.03663622960448265,0.03647671267390251,0.0,0.03221532702445984,0.0,0.03647671267390251,1.5022544860839844,0.32879156805574894
rti_C5_walsh,rti,L10H6,L11H10,10,11,1,-0.0175994955978922,0.0175994955978922,0.053114648908376694,0.03661452978849411,0.03661452978849411,0.0,0.025795236229896545,0.0,1.4334781169891357,0.32879156805574894
rti_C5_walsh,rti,L10H6,L1H3,10,1,9,-0.000249271924644745,0.000249271924644745,0.02791309915482998,0.060859061777591705,0.0,0.04803721234202385,0.0,0.060859061777591705,1.506577968597412,0.32879156805574894
rti_C5_walsh,rti,L10H6,L6H11,10,6,4,-5.166860819372232e-05,5.166860819372232e-05,0.028468966484069824,0.03778478503227234,0.0,0.03778478503227234,0.0,0.03462887182831764,1.5150208473205566,0.32879156805574894
rti_C5_walsh,rti,L7H9,L10H7,7,10,3,-0.04820199656262503,0.04820199656262503,0.043211694806814194,0.03752896189689636,0.03752896189689636,0.0,0.023721283301711082,0.0,1.4981220960617065,0.32879156805574894
rti_C5_walsh,rti,L7H9,L9H9,7,9,2,0.018102510442759012,0.018102510442759012,0.04002545028924942,0.04835062846541405,0.04835062846541405,0.0,0.03455082327127457,0.0,1.5145493745803833,0.32879156805574894
rti_C5_walsh,rti,L7H9,L5H6,7,5,2,0.005053462718649371,0.005053462718649371,0.041636936366558075,0.03600776940584183,0.0,0.03149746358394623,0.0,0.03600776940584183,1.4601184129714966,0.32879156805574894
rti_C5_walsh,rti,L7H9,L4H0,7,4,3,0.0008486385095807236,0.0008486385095807236,0.04150597006082535,0.03999205306172371,0.0,0.03999205306172371,0.0,0.035938240587711334,1.437183141708374,0.32879156805574894
rti_C5_walsh,rti,L7H9,L2H11,7,2,5,0.0021022267925445703,0.0021022267925445703,0.037368372082710266,0.03458994999527931,0.0,0.03458994999527931,0.0,0.033315207809209824,1.4639558792114258,0.32879156805574894
rti_C5_walsh,rti,L7H9,L8H7,7,8,1,0.00038772935209863135,0.00038772935209863135,0.047673456370830536,0.041567761451005936,0.041567761451005936,0.0,0.03372956067323685,0.0,1.419974446296692,0.32879156805574894
rti_C5_walsh,rti,L7H9,L1H5,7,1,6,0.00175264188374058,0.00175264188374058,0.038082584738731384,0.03271014243364334,0.0,0.032482657581567764,0.0,0.03271014243364334,1.4668290615081787,0.32879156805574894
rti_C5_walsh,rti,L7H9,L11H10,7,11,4,-0.03047903391757245,0.03047903391757245,0.042265329509973526,0.039297815412282944,0.039297815412282944,0.0,0.026424791663885117,0.0,1.4747381210327148,0.32879156805574894
rti_C5_walsh,rti,L7H9,L1H3,7,1,6,-0.0001438507596276395,0.0001438507596276395,0.034222569316625595,0.10422524064779282,0.0,0.0696023628115654,0.0,0.10422524064779282,1.4801031351089478,0.32879156805574894
rti_C5_walsh,rti,L7H9,L6H11,7,6,1,9.601725423635799e-05,9.601725423635799e-05,0.05991701781749725,0.04641496017575264,0.0,0.04641496017575264,0.0,0.03542225435376167,1.3117064237594604,0.32879156805574894
rti_C5_walsh,rti,L10H7,L9H9,10,9,1,-0.27860628334701687,0.27860628334701687,0.09189856797456741,0.06432172656059265,0.0,0.06432172656059265,0.0,0.017131416127085686,1.1778701543807983,0.32879156805574894
rti_C5_walsh,rti,L10H7,L5H6,10,5,5,-0.017837506717285123,0.017837506717285123,0.04473591223359108,0.033185359090566635,0.0,0.02998935617506504,0.0,0.033185359090566635,1.5117179155349731,0.32879156805574894
rti_C5_walsh,rti,L10H7,L4H0,10,4,6,-0.0021523117707715755,0.0021523117707715755,0.03683215752243996,0.03630220517516136,0.0,0.03630220517516136,0.0,0.029865119606256485,1.5138440132141113,0.32879156805574894
rti_C5_walsh,rti,L10H7,L2H11,10,2,8,-0.0006185843869843666,0.0006185843869843666,0.02656613662838936,0.03131311014294624,0.0,0.03131311014294624,0.0,0.02823616750538349,1.514705777168274,0.32879156805574894
rti_C5_walsh,rti,L10H7,L8H7,10,8,2,-0.0023734537000450473,0.0023734537000450473,0.023513836786150932,0.04815322905778885,0.0,0.04815322905778885,0.0,0.031981825828552246,1.5238364934921265,0.32879156805574894
rti_C5_walsh,rti,L10H7,L1H5,10,1,9,-0.007598262801252531,0.007598262801252531,0.04351125285029411,0.033361420035362244,0.0,0.033361420035362244,0.0,0.03230023756623268,1.4818321466445923,0.32879156805574894
rti_C5_walsh,rti,L10H7,L11H10,10,11,1,0.10345529403969067,0.10345529403969067,0.07081249356269836,0.06502461433410645,0.06502461433410645,0.0,0.02107939124107361,0.0,1.3176732063293457,0.32879156805574894
rti_C5_walsh,rti,L10H7,L1H3,10,1,9,-0.0012585891857952447,0.0012585891857952447,0.028866920620203018,0.05183463543653488,0.0,0.03810053691267967,0.0,0.05183463543653488,1.5023629665374756,0.32879156805574894
rti_C5_walsh,rti,L10H7,L6H11,10,6,4,0.0013482506120681137,0.0013482506120681137,0.030523305758833885,0.034863200038671494,0.0,0.034863200038671494,0.0,0.02510802634060383,1.520941972732544,0.32879156805574894
rti_C5_walsh,rti,L9H9,L5H6,9,5,4,0.02124179642243007,0.02124179642243007,0.03525397926568985,0.06702766567468643,0.0,0.03529113158583641,0.0,0.06702766567468643,1.5251026153564453,0.32879156805574894
rti_C5_walsh,rti,L9H9,L4H0,9,4,5,0.0021427695837132887,0.0021427695837132887,0.034444503486156464,0.04053858667612076,0.0,0.037925854325294495,0.0,0.04053858667612076,1.516286849975586,0.32879156805574894
rti_C5_walsh,rti,L9H9,L2H11,9,2,7,-0.00039583829709499696,0.00039583829709499696,0.02457806095480919,0.0449102520942688,0.0,0.0449102520942688,0.0,0.03941693902015686,1.512658953666687,0.32879156805574894
rti_C5_walsh,rti,L9H9,L8H7,9,8,1,0.0026736743391779783,0.0026736743391779783,0.02169518731534481,0.056906528770923615,0.0,0.056906528770923615,0.0,0.04579440876841545,1.5265744924545288,0.32879156805574894
rti_C5_walsh,rti,L9H9,L1H5,9,1,8,0.0008642988100291404,0.0008642988100291404,0.03315799683332443,0.03741530701518059,0.0,0.03155626356601715,0.0,0.03741530701518059,1.5096735954284668,0.32879156805574894
rti_C5_walsh,rti,L9H9,L11H10,9,11,2,-0.06578773041337627,0.06578773041337627,0.06944553554058075,0.05966104194521904,0.05966104194521904,0.0,0.01472514122724533,0.0,1.3400334119796753,0.32879156805574894
rti_C5_walsh,rti,L9H9,L1H3,9,1,8,0.0003353590457209066,0.0003353590457209066,0.027336440980434418,0.05813475325703621,0.0,0.044636741280555725,0.0,0.05813475325703621,1.510559320449829,0.32879156805574894
rti_C5_walsh,rti,L9H9,L6H11,9,6,3,-5.695370032299252e-05,5.695370032299252e-05,0.024946702644228935,0.03851819783449173,0.0,0.03851819783449173,0.0,0.03612646833062172,1.5282435417175293,0.32879156805574894
rti_C5_walsh,rti,L5H6,L4H0,5,4,1,-0.0011152424123110904,0.0011152424123110904,0.04773210361599922,0.03729478642344475,0.0,0.03729478642344475,0.0,0.03669369965791702,1.4305771589279175,0.32879156805574894
rti_C5_walsh,rti,L5H6,L2H11,5,2,3,0.00052182878101803,0.00052182878101803,0.036404162645339966,0.0428503043949604,0.0,0.0428503043949604,0.0,0.03956384211778641,1.4773931503295898,0.32879156805574894
rti_C5_walsh,rti,L5H6,L8H7,5,8,3,-0.00011601007440731337,0.00011601007440731337,0.04350646957755089,0.04415299370884895,0.04415299370884895,0.0,0.03401127830147743,0.0,1.4357292652130127,0.32879156805574894
rti_C5_walsh,rti,L5H6,L1H5,5,1,4,0.0005721164745295937,0.0005721164745295937,0.04582446813583374,0.03562495857477188,0.0,0.03562495857477188,0.0,0.03068413771688938,1.4681525230407715,0.32879156805574894
rti_C5_walsh,rti,L5H6,L11H10,5,11,6,-0.013045243037424825,0.013045243037424825,0.03935905545949936,0.03736627846956253,0.03736627846956253,0.0,0.03139730170369148,0.0,1.501440167427063,0.32879156805574894
rti_C5_walsh,rti,L5H6,L1H3,5,1,4,-0.00028111953605503004,0.00028111953605503004,0.03313381224870682,0.06521687656641006,0.0,0.05567938834428787,0.0,0.06521687656641006,1.4861936569213867,0.32879156805574894
rti_C5_walsh,rti,L5H6,L6H11,5,6,1,-0.00021447760929049764,0.00021447760929049764,0.04389243945479393,0.03702221438288689,0.03702221438288689,0.0,0.034669872373342514,0.0,1.4569168090820312,0.32879156805574894
rti_C5_walsh,rti,L4H0,L2H11,4,2,2,0.0003581213558732088,0.0003581213558732088,0.034122761338949203,0.03735501319169998,0.0,0.03735501319169998,0.0,0.03517458587884903,1.483848214149475,0.32879156805574894
rti_C5_walsh,rti,L4H0,L8H7,4,8,4,5.13382453846134e-05,5.13382453846134e-05,0.04506177455186844,0.04937094822525978,0.04937094822525978,0.0,0.03778526186943054,0.0,1.3928141593933105,0.32879156805574894
rti_C5_walsh,rti,L4H0,L1H5,4,1,3,-3.967008120753235e-05,3.967008120753235e-05,0.03900299593806267,0.030459221452474594,0.0,0.030459221452474594,0.0,0.03001967817544937,1.4898147583007812,0.32879156805574894
rti_C5_walsh,rti,L4H0,L11H10,4,11,7,-0.001956138893035586,0.001956138893035586,0.03697259724140167,0.03920092433691025,0.03920092433691025,0.0,0.03165015950798988,0.0,1.4959242343902588,0.32879156805574894
rti_C5_walsh,rti,L4H0,L1H3,4,1,3,0.0006106008086703696,0.0006106008086703696,0.032153598964214325,0.10810589045286179,0.0,0.056345656514167786,0.0,0.10810589045286179,1.492699384689331,0.32879156805574894
rti_C5_walsh,rti,L4H0,L6H11,4,6,2,0.0002193204344962396,0.0002193204344962396,0.050975948572158813,0.04312121868133545,0.04312121868133545,0.0,0.03540750965476036,0.0,1.434981107711792,0.32879156805574894
rti_C5_walsh,rti,L2H11,L8H7,2,8,6,6.037308850181944e-05,6.037308850181944e-05,0.03724077343940735,0.03857487067580223,0.03857487067580223,0.0,0.03507691249251366,0.0,1.47869873046875,0.32879156805574894
rti_C5_walsh,rti,L2H11,L1H5,2,1,1,-0.00040176989057272294,0.00040176989057272294,0.03759562969207764,0.030952323228120804,0.0,0.026059728115797043,0.0,0.030952323228120804,1.4822547435760498,0.32879156805574894
rti_C5_walsh,rti,L2H11,L11H10,2,11,9,-7.43325392704719e-05,7.43325392704719e-05,0.03234957158565521,0.0383126363158226,0.0383126363158226,0.0,0.03134128078818321,0.0,1.4870190620422363,0.32879156805574894
rti_C5_walsh,rti,L2H11,L1H3,2,1,1,0.0016558702051270302,0.0016558702051270302,0.10916658490896225,0.1287173181772232,0.0,0.1287173181772232,0.0,0.057031676173210144,1.2141377925872803,0.32879156805574894
rti_C5_walsh,rti,L2H11,L6H11,2,6,4,0.00016460828567232966,0.00016460828567232966,0.03887104615569115,0.036872778087854385,0.036872778087854385,0.0,0.03393002972006798,0.0,1.4712600708007812,0.32879156805574894
rti_C5_walsh,rti,L8H7,L1H5,8,1,7,0.00020518414788739392,0.00020518414788739392,0.03684740886092186,0.03230145573616028,0.0,0.03229474648833275,0.0,0.03230145573616028,1.4882230758666992,0.32879156805574894
rti_C5_walsh,rti,L8H7,L11H10,8,11,3,0.00032261394932220355,0.00032261394932220355,0.03196065127849579,0.047049593180418015,0.047049593180418015,0.0,0.03481036797165871,0.0,1.508730411529541,0.32879156805574894
rti_C5_walsh,rti,L8H7,L1H3,8,1,7,9.306123121177734e-05,9.306123121177734e-05,0.034070346504449844,0.12766191363334656,0.0,0.09032277017831802,0.0,0.12766191363334656,1.4870134592056274,0.32879156805574894
rti_C5_walsh,rti,L8H7,L6H11,8,6,2,-0.00018046097255819404,0.00018046097255819404,0.04900648444890976,0.04879428446292877,0.0,0.04879428446292877,0.0,0.036729663610458374,1.444298267364502,0.32879156805574894
rti_C5_walsh,rti,L1H5,L11H10,1,11,10,-0.007592549197056542,0.007592549197056542,0.03849835321307182,0.03152935579419136,0.03152935579419136,0.0,0.03079845756292343,0.0,1.4861559867858887,0.32879156805574894
rti_C5_walsh,rti,L1H5,L1H3,1,1,0,-0.00023734459819024778,0.00023734459819024778,0.03731324523687363,0.0,0.0,0.0,0.0,0.0,1.4722826480865479,0.32879156805574894
rti_C5_walsh,rti,L1H5,L6H11,1,6,5,-0.00023898600045413332,0.00023898600045413332,0.03958209976553917,0.03311838209629059,0.03311838209629059,0.0,0.03220842033624649,0.0,1.4760823249816895,0.32879156805574894
rti_C5_walsh,rti,L11H10,L1H3,11,1,10,0.0003823958534212579,0.0003823958534212579,0.03183737397193909,0.07444972544908524,0.0,0.058047790080308914,0.0,0.07444972544908524,1.4889063835144043,0.32879156805574894
rti_C5_walsh,rti,L11H10,L6H11,11,6,5,0.0009032443840624182,0.0009032443840624182,0.03111381269991398,0.03813531994819641,0.0,0.03813531994819641,0.0,0.027675172314047813,1.4969589710235596,0.32879156805574894
rti_C5_walsh,rti,L1H3,L6H11,1,6,5,0.00010081639891268424,0.00010081639891268424,0.03592376783490181,0.10889527201652527,0.06391061097383499,0.0,0.10889527201652527,0.0,1.4762966632843018,0.32879156805574894
rti_C6_epistatic,rti,L0H10,L0H9,0,0,0,0.017677804735313885,0.017677804735313885,0.1925843507051468,0.0,0.0,0.0,0.0,0.0,0.9984947443008423,2.6196567434817553
rti_C6_epistatic,rti,L0H10,L11H2,0,11,11,-0.0036299823935053155,0.0036299823935053155,0.028399555012583733,0.0641716942191124,0.03901065140962601,0.0,0.0641716942191124,0.0,1.5081723928451538,2.6196567434817553
rti_C6_epistatic,rti,L0H10,L10H7,0,10,10,-0.008706536132393694,0.008706536132393694,0.029286421835422516,0.051969364285469055,0.03580663725733757,0.0,0.051969364285469055,0.0,1.5189063549041748,2.6196567434817553
rti_C6_epistatic,rti,L0H10,L10H0,0,10,10,0.0007637079682751846,0.0007637079682751846,0.029629817232489586,0.07043620198965073,0.039630111306905746,0.0,0.07043620198965073,0.0,1.5129973888397217,2.6196567434817553
rti_C6_epistatic,rti,L0H10,L4H11,0,4,4,0.026685001604988656,0.026685001604988656,0.047975946217775345,0.071586012840271,0.032069139182567596,0.0,0.071586012840271,0.0,1.4160277843475342,2.6196567434817553
rti_C6_epistatic,rti,L0H10,L11H10,0,11,11,-0.003406778152879042,0.003406778152879042,0.03295084834098816,0.06004267558455467,0.03826005756855011,0.0,0.06004267558455467,0.0,1.5105266571044922,2.6196567434817553
rti_C6_epistatic,rti,L0H10,L0H1,0,0,0,0.049318591476236406,0.049318591476236406,0.08936531841754913,0.0,0.0,0.0,0.0,0.0,1.2771823406219482,2.6196567434817553
rti_C6_epistatic,rti,L0H10,L0H3,0,0,0,0.016016735622798706,0.016016735622798706,0.054070908576250076,0.0,0.0,0.0,0.0,0.0,1.4238817691802979,2.6196567434817553
rti_C6_epistatic,rti,L0H10,L9H9,0,9,9,0.009134500224746489,0.009134500224746489,0.029426569119095802,0.053902480751276016,0.03902190178632736,0.0,0.053902480751276016,0.0,1.5122087001800537,2.6196567434817553
rti_C6_epistatic,rti,L0H10,L1H11,0,1,1,0.029991903724095437,0.029991903724095437,0.039719611406326294,0.051703888922929764,0.051703888922929764,0.0,0.039806660264730453,0.0,1.4781866073608398,2.6196567434817553
rti_C6_epistatic,rti,L0H10,L9H6,0,9,9,0.005568144679642728,0.005568144679642728,0.030925370752811432,0.05233675241470337,0.038804445415735245,0.0,0.05233675241470337,0.0,1.5204269886016846,2.6196567434817553
rti_C6_epistatic,rti,L0H10,L2H2,0,2,2,-0.0036190678678451604,0.0036190678678451604,0.04009469226002693,0.03628383204340935,0.029253581538796425,0.0,0.03628383204340935,0.0,1.4595152139663696,2.6196567434817553
rti_C6_epistatic,rti,L0H10,L5H6,0,5,5,0.0018377546911949594,0.0018377546911949594,0.04685720056295395,0.04468941688537598,0.033659014850854874,0.0,0.04468941688537598,0.0,1.4114618301391602,2.6196567434817553
rti_C6_epistatic,rti,L0H10,L2H11,0,2,2,-0.0019631792784764457,0.0019631792784764457,0.0390155203640461,0.047813381999731064,0.047813381999731064,0.0,0.03461942821741104,0.0,1.4767158031463623,2.6196567434817553
rti_C6_epistatic,rti,L0H9,L11H2,0,11,11,0.0006147238884466333,0.0006147238884466333,0.03238217532634735,0.07091198116540909,0.04607550799846649,0.0,0.07091198116540909,0.0,1.4897292852401733,2.6196567434817553
rti_C6_epistatic,rti,L0H9,L10H7,0,10,10,-0.005239066009579574,0.005239066009579574,0.03251783549785614,0.059717413038015366,0.03723469749093056,0.0,0.059717413038015366,0.0,1.49124276638031,2.6196567434817553
rti_C6_epistatic,rti,L0H9,L10H0,0,10,10,0.003350769196430292,0.003350769196430292,0.030410582199692726,0.0779060423374176,0.048798274248838425,0.0,0.0779060423374176,0.0,1.5063458681106567,2.6196567434817553
rti_C6_epistatic,rti,L0H9,L4H11,0,4,4,-0.003005584739838696,0.003005584739838696,0.045571498572826385,0.12635213136672974,0.04425628110766411,0.0,0.12635213136672974,0.0,1.4377617835998535,2.6196567434817553
rti_C6_epistatic,rti,L0H9,L11H10,0,11,11,-0.004648777837331863,0.004648777837331863,0.03482276573777199,0.07518593221902847,0.05019548907876015,0.0,0.07518593221902847,0.0,1.4954233169555664,2.6196567434817553
rti_C6_epistatic,rti,L0H9,L0H1,0,0,0,-0.015058584527849916,0.015058584527849916,0.07932672649621964,0.0,0.0,0.0,0.0,0.0,1.3692591190338135,2.6196567434817553
rti_C6_epistatic,rti,L0H9,L0H3,0,0,0,-0.0032131282553962137,0.0032131282553962137,0.051835186779499054,0.0,0.0,0.0,0.0,0.0,1.441412091255188,2.6196567434817553
rti_C6_epistatic,rti,L0H9,L9H9,0,9,9,0.001381969619416168,0.001381969619416168,0.030574794858694077,0.06277433037757874,0.03921797126531601,0.0,0.06277433037757874,0.0,1.4970611333847046,2.6196567434817553
rti_C6_epistatic,rti,L0H9,L1H11,0,1,1,-0.013969419366816282,0.013969419366816282,0.04325748607516289,0.04849228635430336,0.048352379351854324,0.0,0.04849228635430336,0.0,1.4742016792297363,2.6196567434817553
rti_C6_epistatic,rti,L0H9,L9H6,0,9,9,-0.00032792876899634393,0.00032792876899634393,0.030316531658172607,0.057294949889183044,0.04055018723011017,0.0,0.057294949889183044,0.0,1.5100131034851074,2.6196567434817553
rti_C6_epistatic,rti,L0H9,L2H2,0,2,2,0.0013467676891139035,0.0013467676891139035,0.03766297176480293,0.13159917294979095,0.06105046346783638,0.0,0.13159917294979095,0.0,1.4574588537216187,2.6196567434817553
rti_C6_epistatic,rti,L0H9,L5H6,0,5,5,-0.00017211324293953112,0.00017211324293953112,0.046726044267416,0.05585480481386185,0.04550871253013611,0.0,0.05585480481386185,0.0,1.4298958778381348,2.6196567434817553
rti_C6_epistatic,rti,L0H9,L2H11,0,2,2,0.0015751214390604673,0.0015751214390604673,0.05321769788861275,0.11680024862289429,0.11680024862289429,0.0,0.075314961373806,0.0,1.4300775527954102,2.6196567434817553
rti_C6_epistatic,rti,L11H2,L10H7,11,10,1,-0.00018425967689950085,0.00018425967689950085,0.07436636090278625,0.03962340205907822,0.0,0.03962340205907822,0.0,0.023200351744890213,1.390796422958374,2.6196567434817553
rti_C6_epistatic,rti,L11H2,L10H0,11,10,1,-0.08458681545684499,0.08458681545684499,0.08695235103368759,0.07008277624845505,0.0,0.07008277624845505,0.0,0.026784662157297134,1.2421705722808838,2.6196567434817553
rti_C6_epistatic,rti,L11H2,L4H11,11,4,7,0.001366633380229132,0.001366633380229132,0.029534002766013145,0.04217575863003731,0.0,0.03177487105131149,0.0,0.04217575863003731,1.5183569192886353,2.6196567434817553
rti_C6_epistatic,rti,L11H2,L11H10,11,11,0,2.111403713911386e-05,2.111403713911386e-05,0.06738010793924332,0.0,0.0,0.0,0.0,0.0,1.3834037780761719,2.6196567434817553
rti_C6_epistatic,rti,L11H2,L0H1,11,0,11,0.007913519036804928,0.007913519036804928,0.02386046200990677,0.051611434668302536,0.0,0.03698262944817543,0.0,0.051611434668302536,1.5162265300750732,2.6196567434817553
rti_C6_epistatic,rti,L11H2,L0H3,11,0,11,0.0028939841360795526,0.0028939841360795526,0.02773800678551197,0.04648873582482338,0.0,0.035729896277189255,0.0,0.04648873582482338,1.5096631050109863,2.6196567434817553
rti_C6_epistatic,rti,L11H2,L9H9,11,9,2,-0.0247565854843117,0.0247565854843117,0.07349734008312225,0.03375599533319473,0.0,0.03375599533319473,0.0,0.01753208041191101,1.3969465494155884,2.6196567434817553
rti_C6_epistatic,rti,L11H2,L1H11,11,1,10,0.0020986197054924105,0.0020986197054924105,0.021796848624944687,0.04038305580615997,0.0,0.03354250267148018,0.0,0.04038305580615997,1.5179615020751953,2.6196567434817553
rti_C6_epistatic,rti,L11H2,L9H6,11,9,2,-0.017531350386690292,0.017531350386690292,0.06351211667060852,0.04549947381019592,0.0,0.04549947381019592,0.0,0.02373395673930645,1.4090421199798584,2.6196567434817553
rti_C6_epistatic,rti,L11H2,L2H2,11,2,9,-0.0015042767522288614,0.0015042767522288614,0.03432866185903549,0.03611309826374054,0.0,0.03292391821742058,0.0,0.03611309826374054,1.5006452798843384,2.6196567434817553
rti_C6_epistatic,rti,L11H2,L5H6,11,5,6,0.00037248876904527606,0.00037248876904527606,0.03284386917948723,0.04350040480494499,0.0,0.03207625076174736,0.0,0.04350040480494499,1.5219511985778809,2.6196567434817553
rti_C6_epistatic,rti,L11H2,L2H11,11,2,9,-0.0002030078590280482,0.0002030078590280482,0.024338282644748688,0.04173306003212929,0.0,0.04173306003212929,0.0,0.036375246942043304,1.5202052593231201,2.6196567434817553
rti_C6_epistatic,rti,L10H7,L10H0,10,10,0,-1.3802483209701677e-05,1.3802483209701677e-05,0.06749296188354492,0.0,0.0,0.0,0.0,0.0,1.4032416343688965,2.6196567434817553
rti_C6_epistatic,rti,L10H7,L4H11,10,4,6,-0.09968829796670775,0.09968829796670775,0.0396973192691803,0.030333662405610085,0.0,0.02935425005853176,0.0,0.030333662405610085,1.5124056339263916,2.6196567434817553
rti_C6_epistatic,rti,L10H7,L11H10,10,11,1,0.06911466421573209,0.06911466421573209,0.07081249356269836,0.06502461433410645,0.06502461433410645,0.0,0.02107939124107361,0.0,1.3176732063293457,2.6196567434817553
rti_C6_epistatic,rti,L10H7,L0H1,10,0,10,-0.01794737979841443,0.01794737979841443,0.026382077485322952,0.05691380426287651,0.0,0.0320344939827919,0.0,0.05691380426287651,1.5069036483764648,2.6196567434817553
rti_C6_epistatic,rti,L10H7,L0H3,10,0,10,0.004466335266016586,0.004466335266016586,0.028920555487275124,0.05185720697045326,0.0,0.03173144534230232,0.0,0.05185720697045326,1.5016895532608032,2.6196567434817553
rti_C6_epistatic,rti,L10H7,L9H9,10,9,1,-0.211186256400282,0.211186256400282,0.09189856797456741,0.06432172656059265,0.0,0.06432172656059265,0.0,0.017131416127085686,1.1778701543807983,2.6196567434817553
rti_C6_epistatic,rti,L10H7,L1H11,10,1,9,-0.015171911748410594,0.015171911748410594,0.024119077250361443,0.03563009575009346,0.0,0.03563009575009346,0.0,0.03299384191632271,1.5282816886901855,2.6196567434817553
rti_C6_epistatic,rti,L10H7,L9H6,10,9,1,-0.11531924841378327,0.11531924841378327,0.06347637623548508,0.06445875018835068,0.0,0.06445875018835068,0.0,0.02316252328455448,1.4506169557571411,2.6196567434817553
rti_C6_epistatic,rti,L10H7,L2H2,10,2,8,-0.03189818746992046,0.03189818746992046,0.04485322907567024,0.03191301226615906,0.0,0.031173130497336388,0.0,0.03191301226615906,1.4977242946624756,2.6196567434817553
rti_C6_epistatic,rti,L10H7,L5H6,10,5,5,-0.012166064788772246,0.012166064788772246,0.04473591223359108,0.033185359090566635,0.0,0.02998935617506504,0.0,0.033185359090566635,1.5117179155349731,2.6196567434817553
rti_C6_epistatic,rti,L10H7,L2H11,10,2,8,-0.0008254245495606938,0.0008254245495606938,0.02656613662838936,0.03131311014294624,0.0,0.03131311014294624,0.0,0.02823616750538349,1.514705777168274,2.6196567434817553
rti_C6_epistatic,rti,L10H0,L4H11,10,4,6,0.04675599980882339,0.04675599980882339,0.022170810028910637,0.04363099858164787,0.0,0.031209832057356834,0.0,0.04363099858164787,1.5188249349594116,2.6196567434817553
rti_C6_epistatic,rti,L10H0,L11H10,10,11,1,-0.04354783959209385,0.04354783959209385,0.05312829837203026,0.044804975390434265,0.044804975390434265,0.0,0.021766066551208496,0.0,1.4401443004608154,2.6196567434817553
rti_C6_epistatic,rti,L10H0,L0H1,10,0,10,0.020993083010665714,0.020993083010665714,0.025288373231887817,0.05158861353993416,0.0,0.036712389439344406,0.0,0.05158861353993416,1.5190602540969849,2.6196567434817553
rti_C6_epistatic,rti,L10H0,L0H3,10,0,10,0.008995037468793043,0.008995037468793043,0.030199943110346794,0.04297628626227379,0.0,0.03461191803216934,0.0,0.04297628626227379,1.493807315826416,2.6196567434817553
rti_C6_epistatic,rti,L10H0,L9H9,10,9,1,-0.009163825735328146,0.009163825735328146,0.06131239980459213,0.026181625202298164,0.0,0.026181625202298164,0.0,0.020679756999015808,1.4365593194961548,2.6196567434817553
rti_C6_epistatic,rti,L10H0,L1H11,10,1,9,0.00843829687389075,0.00843829687389075,0.021611548960208893,0.0432930551469326,0.0,0.03368593752384186,0.0,0.0432930551469326,1.517422080039978,2.6196567434817553
rti_C6_epistatic,rti,L10H0,L9H6,10,9,1,-0.029227345286955142,0.029227345286955142,0.07194913923740387,0.044073957949876785,0.0,0.044073957949876785,0.0,0.027763182297348976,1.3538649082183838,2.6196567434817553
rti_C6_epistatic,rti,L10H0,L2H2,10,2,8,0.01387630218894742,0.01387630218894742,0.028717949986457825,0.03961702808737755,0.0,0.0314241386950016,0.0,0.03961702808737755,1.5120368003845215,2.6196567434817553
rti_C6_epistatic,rti,L10H0,L5H6,10,5,5,0.007459012003920407,0.007459012003920407,0.025730859488248825,0.04461756348609924,0.0,0.030940111726522446,0.0,0.04461756348609924,1.528262734413147,2.6196567434817553
rti_C6_epistatic,rti,L10H0,L2H11,10,2,8,0.0006649805656877561,0.0006649805656877561,0.024280207231640816,0.04691145569086075,0.0,0.04691145569086075,0.0,0.03990119695663452,1.5170773267745972,2.6196567434817553
rti_C6_epistatic,rti,L4H11,L11H10,4,11,7,-0.09097309260411635,0.09097309260411635,0.03714180737733841,0.03761843964457512,0.03761843964457512,0.0,0.027277272194623947,0.0,1.499617576599121,2.6196567434817553
rti_C6_epistatic,rti,L4H11,L0H1,4,0,4,-0.051345396102732366,0.051345396102732366,0.03873515501618385,0.04643987864255905,0.0,0.03056609444320202,0.0,0.04643987864255905,1.4386894702911377,2.6196567434817553
rti_C6_epistatic,rti,L4H11,L0H3,4,0,4,-0.0006352899972341675,0.0006352899972341675,0.03476845473051071,0.04865439236164093,0.0,0.02708640694618225,0.0,0.04865439236164093,1.482706069946289,2.6196567434817553
rti_C6_epistatic,rti,L4H11,L9H9,4,9,5,0.11574885544123958,0.11574885544123958,0.02954276092350483,0.0683073103427887,0.03262772038578987,0.0,0.0683073103427887,0.0,1.5302681922912598,2.6196567434817553
rti_C6_epistatic,rti,L4H11,L1H11,4,1,3,-0.030539393647785573,0.030539393647785573,0.05292350798845291,0.06546037644147873,0.0,0.05722424015402794,0.0,0.06546037644147873,1.4715979099273682,2.6196567434817553
rti_C6_epistatic,rti,L4H11,L9H6,4,9,5,0.007486363954427588,0.007486363954427588,0.02851122058928013,0.06117762625217438,0.03097623400390148,0.0,0.06117762625217438,0.0,1.5219594240188599,2.6196567434817553
rti_C6_epistatic,rti,L4H11,L2H2,4,2,2,-0.15959731221883544,0.15959731221883544,0.050299789756536484,0.05914600193500519,0.0,0.05914600193500519,0.0,0.037781987339258194,1.351154088973999,2.6196567434817553
rti_C6_epistatic,rti,L4H11,L5H6,4,5,1,-0.024461630928300337,0.024461630928300337,0.08573028445243835,0.0796634629368782,0.0796634629368782,0.0,0.06157374754548073,0.0,1.0201122760772705,2.6196567434817553
rti_C6_epistatic,rti,L4H11,L2H11,4,2,2,0.007399980127189565,0.007399980127189565,0.04286375641822815,0.04980261251330376,0.0,0.04980261251330376,0.0,0.045561451464891434,1.4621702432632446,2.6196567434817553
rti_C6_epistatic,rti,L11H10,L0H1,11,0,11,-0.05549873464562438,0.05549873464562438,0.038210686296224594,0.059708110988140106,0.0,0.03276482969522476,0.0,0.059708110988140106,1.4757511615753174,2.6196567434817553
rti_C6_epistatic,rti,L11H10,L0H3,11,0,11,-0.010146623110443898,0.010146623110443898,0.03610000014305115,0.05153704434633255,0.0,0.03252055123448372,0.0,0.05153704434633255,1.4933059215545654,2.6196567434817553
rti_C6_epistatic,rti,L11H10,L9H9,11,9,2,-0.06653452450709096,0.06653452450709096,0.06944552063941956,0.05966104194521904,0.0,0.05966104194521904,0.0,0.01472514122724533,1.3400334119796753,2.6196567434817553
rti_C6_epistatic,rti,L11H10,L1H11,11,1,10,-0.01392285658832293,0.01392285658832293,0.02837994508445263,0.037959352135658264,0.0,0.037959352135658264,0.0,0.036528319120407104,1.495539665222168,2.6196567434817553
rti_C6_epistatic,rti,L11H10,L9H6,11,9,2,-0.016648625224746638,0.016648625224746638,0.055180516093969345,0.05186603218317032,0.0,0.05186603218317032,0.0,0.01998916268348694,1.4341132640838623,2.6196567434817553
rti_C6_epistatic,rti,L11H10,L2H2,11,2,9,-0.03245406504598236,0.03245406504598236,0.04034850373864174,0.03426365926861763,0.0,0.03426365926861763,0.0,0.032826945185661316,1.4913053512573242,2.6196567434817553
rti_C6_epistatic,rti,L11H10,L5H6,11,5,6,-0.012998235752348819,0.012998235752348819,0.039359040558338165,0.03736627846956253,0.0,0.03736627846956253,0.0,0.03139730170369148,1.501440167427063,2.6196567434817553
rti_C6_epistatic,rti,L11H10,L2H11,11,2,9,-0.0005284620926602202,0.0005284620926602202,0.03234957531094551,0.0383126363158226,0.0,0.0383126363158226,0.0,0.03134128078818321,1.4870190620422363,2.6196567434817553
rti_C6_epistatic,rti,L0H1,L0H3,0,0,0,-0.01724473878081767,0.01724473878081767,0.04777761921286583,0.0,0.0,0.0,0.0,0.0,1.469705581665039,2.6196567434817553
rti_C6_epistatic,rti,L0H1,L9H9,0,9,9,-0.005483670020765885,0.005483670020765885,0.02783198095858097,0.041818197816610336,0.041818197816610336,0.0,0.041098155081272125,0.0,1.503758430480957,2.6196567434817553
rti_C6_epistatic,rti,L0H1,L1H11,0,1,1,-0.037883030079882474,0.037883030079882474,0.0394638292491436,0.049308884888887405,0.049308884888887405,0.0,0.04811440408229828,0.0,1.4826139211654663,2.6196567434817553
rti_C6_epistatic,rti,L0H1,L9H6,0,9,9,-0.019568334637341422,0.019568334637341422,0.029231615364551544,0.04144832119345665,0.03792859986424446,0.0,0.04144832119345665,0.0,1.5062131881713867,2.6196567434817553
rti_C6_epistatic,rti,L0H1,L2H2,0,2,2,0.0034511739849847345,0.0034511739849847345,0.0368325412273407,0.026919905096292496,0.026919905096292496,0.0,0.0216594897210598,0.0,1.4739198684692383,2.6196567434817553
rti_C6_epistatic,rti,L0H1,L5H6,0,5,5,0.0069228579664866174,0.0069228579664866174,0.03922693803906441,0.03613441064953804,0.029880793765187263,0.0,0.03613441064953804,0.0,1.4671051502227783,2.6196567434817553
rti_C6_epistatic,rti,L0H1,L2H11,0,2,2,-0.0007147524895287916,0.0007147524895287916,0.03710015490651131,0.030765073373913765,0.030765073373913765,0.0,0.02885337360203266,0.0,1.4758288860321045,2.6196567434817553
rti_C6_epistatic,rti,L0H3,L9H9,0,9,9,-0.004219299167033341,0.004219299167033341,0.03086009994149208,0.03721830993890762,0.03515792265534401,0.0,0.03721830993890762,0.0,1.4987411499023438,2.6196567434817553
rti_C6_epistatic,rti,L0H3,L1H11,0,1,1,-0.007856862617330762,0.007856862617330762,0.037259798496961594,0.03879322484135628,0.03879322484135628,0.0,0.03699825704097748,0.0,1.4910001754760742,2.6196567434817553
rti_C6_epistatic,rti,L0H3,L9H6,0,9,9,-0.007595237293884338,0.007595237293884338,0.032054197043180466,0.03613153472542763,0.033920325338840485,0.0,0.03613153472542763,0.0,1.5042412281036377,2.6196567434817553
rti_C6_epistatic,rti,L0H3,L2H2,0,2,2,-8.360469976764762e-05,8.360469976764762e-05,0.03519497811794281,0.0265513863414526,0.0265513863414526,0.0,0.023793254047632217,0.0,1.485652208328247,2.6196567434817553
rti_C6_epistatic,rti,L0H3,L5H6,0,5,5,0.001197568800961335,0.001197568800961335,0.03674566373229027,0.03432810679078102,0.02804623171687126,0.0,0.03432810679078102,0.0,1.4641096591949463,2.6196567434817553
rti_C6_epistatic,rti,L0H3,L2H11,0,2,2,0.0007539134298042427,0.0007539134298042427,0.03672068193554878,0.03530074283480644,0.03530074283480644,0.0,0.027557799592614174,0.0,1.4802088737487793,2.6196567434817553
rti_C6_epistatic,rti,L9H9,L1H11,9,1,8,0.004456257269936259,0.004456257269936259,0.02015095017850399,0.05108058080077171,0.0,0.03252224996685982,0.0,0.05108058080077171,1.526082992553711,2.6196567434817553
rti_C6_epistatic,rti,L9H9,L9H6,9,9,0,0.0019292134768704727,0.0019292134768704727,0.03653208538889885,0.0,0.0,0.0,0.0,0.0,1.5014503002166748,2.6196567434817553
rti_C6_epistatic,rti,L9H9,L2H2,9,2,7,0.038098897017079025,0.038098897017079025,0.04111912474036217,0.056324221193790436,0.0,0.036352746188640594,0.0,0.056324221193790436,1.5070034265518188,2.6196567434817553
rti_C6_epistatic,rti,L9H9,L5H6,9,5,4,0.018960743995847906,0.018960743995847906,0.03525397926568985,0.06702766567468643,0.0,0.03529113158583641,0.0,0.06702766567468643,1.5251026153564453,2.6196567434817553
rti_C6_epistatic,rti,L9H9,L2H11,9,2,7,-0.00024173859694087696,0.00024173859694087696,0.02457806095480919,0.0449102520942688,0.0,0.0449102520942688,0.0,0.03941693902015686,1.512658953666687,2.6196567434817553
rti_C6_epistatic,rti,L1H11,L9H6,1,9,8,-0.0017847352038131703,0.0017847352038131703,0.024632273241877556,0.05061045661568642,0.033944692462682724,0.0,0.05061045661568642,0.0,1.509907603263855,2.6196567434817553
rti_C6_epistatic,rti,L1H11,L2H2,1,2,1,0.003223104304510116,0.003223104304510116,0.03927689045667648,0.029719118028879166,0.029719118028879166,0.0,0.01956789195537567,0.0,1.4745389223098755,2.6196567434817553
rti_C6_epistatic,rti,L1H11,L5H6,1,5,4,0.000988550842606628,0.000988550842606628,0.030505148693919182,0.05420113727450371,0.05420113727450371,0.0,0.05098382756114006,0.0,1.4903147220611572,2.6196567434817553
rti_C6_epistatic,rti,L1H11,L2H11,1,2,1,0.0029272582704891192,0.0029272582704891192,0.04629956930875778,0.05108141154050827,0.05108141154050827,0.0,0.03301876783370972,0.0,1.4632632732391357,2.6196567434817553
rti_C6_epistatic,rti,L9H6,L2H2,9,2,7,0.0023891444006665097,0.0023891444006665097,0.03424161672592163,0.04670026898384094,0.0,0.03322385996580124,0.0,0.04670026898384094,1.5132124423980713,2.6196567434817553
rti_C6_epistatic,rti,L9H6,L5H6,9,5,4,0.001502430798353771,0.001502430798353771,0.03347960487008095,0.06026937812566757,0.0,0.033098239451646805,0.0,0.06026937812566757,1.5151618719100952,2.6196567434817553
rti_C6_epistatic,rti,L9H6,L2H11,9,2,7,-0.00021683761596591467,0.00021683761596591467,0.026972979307174683,0.04492336884140968,0.0,0.04492336884140968,0.0,0.03886539489030838,1.507934808731079,2.6196567434817553
rti_C6_epistatic,rti,L2H2,L5H6,2,5,3,-0.0037420955928553212,0.0037420955928553212,0.05722762644290924,0.05403639003634453,0.05403639003634453,0.0,0.050771914422512054,0.0,1.4017901420593262,2.6196567434817553
rti_C6_epistatic,rti,L2H2,L2H11,2,2,0,0.0003558036647461904,0.0003558036647461904,0.03793816640973091,0.0,0.0,0.0,0.0,0.0,1.4817652702331543,2.6196567434817553
rti_C6_epistatic,rti,L5H6,L2H11,5,2,3,0.0006152353850836789,0.0006152353850836789,0.036404162645339966,0.0428503043949604,0.0,0.0428503043949604,0.0,0.03956384211778641,1.4773931503295898,2.6196567434817553
rti_random,rti,L0H3,L1H0,0,1,1,-0.0005553539633069704,0.0005553539633069704,0.03501413017511368,0.02764902636408806,0.026507170870900154,0.0,0.02764902636408806,0.0,1.4840514659881592,0.12627003341913223
rti_random,rti,L0H3,L1H10,0,1,1,-0.0006341978367458978,0.0006341978367458978,0.0353541299700737,0.02366635948419571,0.02146243490278721,0.0,0.02366635948419571,0.0,1.4853739738464355,0.12627003341913223
rti_random,rti,L0H3,L3H8,0,3,3,0.0003769924979337702,0.0003769924979337702,0.036038972437381744,0.04486558958888054,0.02910570241510868,0.0,0.04486558958888054,0.0,1.4750491380691528,0.12627003341913223
rti_random,rti,L0H3,L3H9,0,3,3,-0.0020218341005033835,0.0020218341005033835,0.03624400496482849,0.03655868023633957,0.028363259509205818,0.0,0.03655868023633957,0.0,1.4762518405914307,0.12627003341913223
rti_random,rti,L0H3,L3H10,0,3,3,-0.0013022200201362466,0.0013022200201362466,0.035829417407512665,0.03136633336544037,0.02896493300795555,0.0,0.03136633336544037,0.0,1.488476276397705,0.12627003341913223
rti_random,rti,L0H3,L4H8,0,4,4,0.0012776988422160684,0.0012776988422160684,0.037237804383039474,0.029464785009622574,0.02856752648949623,0.0,0.029464785009622574,0.0,1.4676427841186523,0.12627003341913223
rti_random,rti,L0H3,L6H5,0,6,6,6.189556023628029e-05,6.189556023628029e-05,0.03767330199480057,0.03558703139424324,0.03312642127275467,0.0,0.03558703139424324,0.0,1.4784109592437744,0.12627003341913223
rti_random,rti,L0H3,L6H10,0,6,6,-0.00013805918894149727,0.00013805918894149727,0.036576855927705765,0.028294865041971207,0.028294865041971207,0.0,0.027877075597643852,0.0,1.4829920530319214,0.12627003341913223
rti_random,rti,L0H3,L7H10,0,7,7,0.00015960480749299677,0.00015960480749299677,0.0348728783428669,0.0357246957719326,0.0357246957719326,0.0,0.02845584787428379,0.0,1.488430380821228,0.12627003341913223
rti_random,rti,L0H3,L8H1,0,8,8,3.9055465492765506e-05,3.9055465492765506e-05,0.032913435250520706,0.0329810231924057,0.0329810231924057,0.0,0.032592806965112686,0.0,1.492210030555725,0.12627003341913223
rti_random,rti,L0H3,L8H8,0,8,8,0.0002826537364057913,0.0002826537364057913,0.03771628066897392,0.03943415358662605,0.03271431103348732,0.0,0.03943415358662605,0.0,1.4929776191711426,0.12627003341913223
rti_random,rti,L0H3,L8H11,0,8,8,-0.0012498759276127203,0.0012498759276127203,0.0333394780755043,0.037082646042108536,0.03405739367008209,0.0,0.037082646042108536,0.0,1.4872777462005615,0.12627003341913223
rti_random,rti,L0H3,L9H4,0,9,9,-0.000486551654773848,0.000486551654773848,0.034287333488464355,0.035003144294023514,0.03287145867943764,0.0,0.035003144294023514,0.0,1.495708703994751,0.12627003341913223
rti_random,rti,L0H3,L10H8,0,10,10,8.947716878537904e-08,8.947716878537904e-08,0.02995915897190571,0.038182735443115234,0.035565126687288284,0.0,0.038182735443115234,0.0,1.4966113567352295,0.12627003341913223
rti_random,rti,L1H0,L1H10,1,1,0,0.000690139579148763,0.000690139579148763,0.034810200333595276,0.0,0.0,0.0,0.0,0.0,1.4962009191513062,0.12627003341913223
rti_random,rti,L1H0,L3H8,1,3,2,0.0003316156384585156,0.0003316156384585156,0.04486708343029022,0.039518341422080994,0.039518341422080994,0.0,0.030429339036345482,0.0,1.4675052165985107,0.12627003341913223
rti_random,rti,L1H0,L3H9,1,3,2,-4.412523651353695e-06,4.412523651353695e-06,0.043097078800201416,0.04016585648059845,0.04016585648059845,0.0,0.033128924667835236,0.0,1.453474760055542,0.12627003341913223
rti_random,rti,L1H0,L3H10,1,3,2,0.0022054897909242754,0.0022054897909242754,0.036559320986270905,0.045994773507118225,0.045994773507118225,0.0,0.0437745675444603,0.0,1.5051097869873047,0.12627003341913223
rti_random,rti,L1H0,L4H8,1,4,3,-0.0003765635552213098,0.0003765635552213098,0.0382697694003582,0.036937084048986435,0.03489316999912262,0.0,0.036937084048986435,0.0,1.4796855449676514,0.12627003341913223
rti_random,rti,L1H0,L6H5,1,6,5,-0.0002487867647573694,0.0002487867647573694,0.03371698036789894,0.03534696251153946,0.03534696251153946,0.0,0.03487127646803856,0.0,1.4938340187072754,0.12627003341913223
rti_random,rti,L1H0,L6H10,1,6,5,0.00018933780785346244,0.00018933780785346244,0.034393128007650375,0.033361420035362244,0.03308355435729027,0.0,0.033361420035362244,0.0,1.4865922927856445,0.12627003341913223
rti_random,rti,L1H0,L7H10,1,7,6,0.0002156483224666772,0.0002156483224666772,0.03862196207046509,0.07265597581863403,0.045977845788002014,0.0,0.07265597581863403,0.0,1.4878259897232056,0.12627003341913223
rti_random,rti,L1H0,L8H1,1,8,7,-9.960075828985282e-06,9.960075828985282e-06,0.046039603650569916,0.05533652752637863,0.03951986879110336,0.0,0.05533652752637863,0.0,1.4825339317321777,0.12627003341913223
rti_random,rti,L1H0,L8H8,1,8,7,-3.9664210419232404e-05,3.9664210419232404e-05,0.03554357588291168,0.033829864114522934,0.03287049010396004,0.0,0.033829864114522934,0.0,1.4989063739776611,0.12627003341913223
rti_random,rti,L1H0,L8H11,1,8,7,-0.0024883679755589583,0.0024883679755589583,0.04165743663907051,0.03623119741678238,0.03253895044326782,0.0,0.03623119741678238,0.0,1.471153974533081,0.12627003341913223
rti_random,rti,L1H0,L9H4,1,9,8,0.00042709767870974247,0.00042709767870974247,0.040837567299604416,0.034132517874240875,0.033879607915878296,0.0,0.034132517874240875,0.0,1.4783382415771484,0.12627003341913223
rti_random,rti,L1H0,L10H8,1,10,9,1.3027173565660632e-05,1.3027173565660632e-05,0.044232238084077835,0.04492371156811714,0.03508070856332779,0.0,0.04492371156811714,0.0,1.4771432876586914,0.12627003341913223
rti_random,rti,L1H10,L3H8,1,3,2,-0.00013865967929405087,0.00013865967929405087,0.034770622849464417,0.09389990568161011,0.04296011105179787,0.0,0.09389990568161011,0.0,1.4893760681152344,0.12627003341913223
rti_random,rti,L1H10,L3H9,1,3,2,4.480156263753088e-05,4.480156263753088e-05,0.031276337802410126,0.06333284825086594,0.03614497929811478,0.0,0.06333284825086594,0.0,1.4905118942260742,0.12627003341913223
rti_random,rti,L1H10,L3H10,1,3,2,0.00013555452932223488,0.00013555452932223488,0.041505005210638046,0.05113945156335831,0.04759199172258377,0.0,0.05113945156335831,0.0,1.4690699577331543,0.12627003341913223
rti_random,rti,L1H10,L4H8,1,4,3,7.338756023500537e-05,7.338756023500537e-05,0.03537365421652794,0.0372888445854187,0.0372888445854187,0.0,0.03416657820343971,0.0,1.4889194965362549,0.12627003341913223
rti_random,rti,L1H10,L6H5,1,6,5,5.563894495708155e-05,5.563894495708155e-05,0.036158572882413864,0.05848963186144829,0.053213078528642654,0.0,0.05848963186144829,0.0,1.4900707006454468,0.12627003341913223
rti_random,rti,L1H10,L6H10,1,6,5,-2.224371979764328e-05,2.224371979764328e-05,0.03680136054754257,0.034263696521520615,0.033675674349069595,0.0,0.034263696521520615,0.0,1.4722328186035156,0.12627003341913223
rti_random,rti,L1H10,L7H10,1,7,6,-4.820009081640819e-05,4.820009081640819e-05,0.027309715747833252,0.04322349280118942,0.04322349280118942,0.0,0.04037634655833244,0.0,1.5143516063690186,0.12627003341913223
rti_random,rti,L1H10,L8H1,1,8,7,-1.0530296833621833e-05,1.0530296833621833e-05,0.029260190203785896,0.04781164973974228,0.04781164973974228,0.0,0.045886993408203125,0.0,1.5119651556015015,0.12627003341913223
rti_random,rti,L1H10,L8H8,1,8,7,-5.507400095439152e-05,5.507400095439152e-05,0.027052393183112144,0.06386986374855042,0.04724586382508278,0.0,0.06386986374855042,0.0,1.5181312561035156,0.12627003341913223
rti_random,rti,L1H10,L8H11,1,8,7,3.5014750778827874e-06,3.5014750778827874e-06,0.027951395139098167,0.0583832710981369,0.05049540102481842,0.0,0.0583832710981369,0.0,1.5122385025024414,0.12627003341913223
rti_random,rti,L1H10,L9H4,1,9,8,-0.00019065759710201746,0.00019065759710201746,0.03555178642272949,0.03868074342608452,0.03868074342608452,0.0,0.038288697600364685,0.0,1.4693750143051147,0.12627003341913223
rti_random,rti,L1H10,L10H8,1,10,9,-9.293508867358469e-06,9.293508867358469e-06,0.02894238755106926,0.037683602422475815,0.03371892124414444,0.0,0.037683602422475815,0.0,1.509040355682373,0.12627003341913223
rti_random,rti,L3H8,L3H9,3,3,0,0.0002506136526676528,0.0002506136526676528,0.05214910954236984,0.0,0.0,0.0,0.0,0.0,1.3816461563110352,0.12627003341913223
rti_random,rti,L3H8,L3H10,3,3,0,-0.00014004688381419328,0.00014004688381419328,0.05157031491398811,0.0,0.0,0.0,0.0,0.0,1.387392520904541,0.12627003341913223
rti_random,rti,L3H8,L4H8,3,4,1,-4.071688618978442e-05,4.071688618978442e-05,0.04270252212882042,0.04389732703566551,0.04389732703566551,0.0,0.039631009101867676,0.0,1.4630100727081299,0.12627003341913223
rti_random,rti,L3H8,L6H5,3,6,3,0.0007576413475476329,0.0007576413475476329,0.04711886867880821,0.053617898374795914,0.053617898374795914,0.0,0.0455140583217144,0.0,1.423079013824463,0.12627003341913223
rti_random,rti,L3H8,L6H10,3,6,3,-0.00024948768685817413,0.00024948768685817413,0.039191074669361115,0.04592404514551163,0.04592404514551163,0.0,0.042931657284498215,0.0,1.4756666421890259,0.12627003341913223
rti_random,rti,L3H8,L7H10,3,7,4,6.534236518973557e-05,6.534236518973557e-05,0.03017878159880638,0.04335163161158562,0.037643302232027054,0.0,0.04335163161158562,0.0,1.5102646350860596,0.12627003341913223
rti_random,rti,L3H8,L8H1,3,8,5,-4.928303559381675e-05,4.928303559381675e-05,0.034038178622722626,0.05385342240333557,0.04621290788054466,0.0,0.05385342240333557,0.0,1.503326177597046,0.12627003341913223
rti_random,rti,L3H8,L8H8,3,8,5,1.343814273013777e-05,1.343814273013777e-05,0.03349733725190163,0.04049206152558327,0.04049206152558327,0.0,0.03692207857966423,0.0,1.5015945434570312,0.12627003341913223
rti_random,rti,L3H8,L8H11,3,8,5,-0.00047858247700105494,0.00047858247700105494,0.029523499310016632,0.0412900447845459,0.037366680800914764,0.0,0.0412900447845459,0.0,1.5195716619491577,0.12627003341913223
rti_random,rti,L3H8,L9H4,3,9,6,0.0005992553623741514,0.0005992553623741514,0.038112740963697433,0.03766970336437225,0.03766970336437225,0.0,0.03695974126458168,0.0,1.4941399097442627,0.12627003341913223
rti_random,rti,L3H8,L10H8,3,10,7,2.9988322751250962e-05,2.9988322751250962e-05,0.033464815467596054,0.045197661966085434,0.03923773765563965,0.0,0.045197661966085434,0.0,1.509242057800293,0.12627003341913223
rti_random,rti,L3H9,L3H10,3,3,0,-0.0005915817118307132,0.0005915817118307132,0.04517374560236931,0.0,0.0,0.0,0.0,0.0,1.4318299293518066,0.12627003341913223
rti_random,rti,L3H9,L4H8,3,4,1,-0.00045170404638383843,0.00045170404638383843,0.03978314995765686,0.03801820054650307,0.03801820054650307,0.0,0.03639524430036545,0.0,1.4742531776428223,0.12627003341913223
rti_random,rti,L3H9,L6H5,3,6,3,0.0010095282039515041,0.0010095282039515041,0.04109148308634758,0.039091695100069046,0.03884176164865494,0.0,0.039091695100069046,0.0,1.451553463935852,0.12627003341913223
rti_random,rti,L3H9,L6H10,3,6,3,9.063620893812185e-06,9.063620893812185e-06,0.037568025290966034,0.03704594820737839,0.03704594820737839,0.0,0.034599028527736664,0.0,1.4737335443496704,0.12627003341913223
rti_random,rti,L3H9,L7H10,3,7,4,-0.00011333922492440252,0.00011333922492440252,0.03398508206009865,0.03625020757317543,0.03625020757317543,0.0,0.034572482109069824,0.0,1.5058534145355225,0.12627003341913223
rti_random,rti,L3H9,L8H1,3,8,5,-0.0004011137409065668,0.0004011137409065668,0.03803391754627228,0.040998514741659164,0.040998514741659164,0.0,0.03821239620447159,0.0,1.4806501865386963,0.12627003341913223
rti_random,rti,L3H9,L8H8,3,8,5,0.0004069022617727569,0.0004069022617727569,0.03660640865564346,0.03826172277331352,0.03826172277331352,0.0,0.03627549856901169,0.0,1.4884397983551025,0.12627003341913223
rti_random,rti,L3H9,L8H11,3,8,5,-0.001087221518048409,0.001087221518048409,0.03221055492758751,0.03561737388372421,0.03561737388372421,0.0,0.033637989312410355,0.0,1.5106401443481445,0.12627003341913223
rti_random,rti,L3H9,L9H4,3,9,6,-0.0006290834069773155,0.0006290834069773155,0.035836558789014816,0.03850666806101799,0.03850666806101799,0.0,0.03723808750510216,0.0,1.490586757659912,0.12627003341913223
rti_random,rti,L3H9,L10H8,3,10,7,-1.6389721793075296e-05,1.6389721793075296e-05,0.035737354308366776,0.03710426762700081,0.03610233962535858,0.0,0.03710426762700081,0.0,1.505908489227295,0.12627003341913223
rti_random,rti,L3H10,L4H8,3,4,1,0.0006042179296059658,0.0006042179296059658,0.055137235671281815,0.04710771143436432,0.04710771143436432,0.0,0.0427187941968441,0.0,1.3987351655960083,0.12627003341913223
rti_random,rti,L3H10,L6H5,3,6,3,-0.0011194994906986722,0.0011194994906986722,0.05352155491709709,0.051921624690294266,0.051921624690294266,0.0,0.044156238436698914,0.0,1.4079328775405884,0.12627003341913223
rti_random,rti,L3H10,L6H10,3,6,3,-0.000330367467142878,0.000330367467142878,0.04619244486093521,0.04947925731539726,0.04947925731539726,0.0,0.04902183637022972,0.0,1.4235484600067139,0.12627003341913223
rti_random,rti,L3H10,L7H10,3,7,4,-0.00010602456887909284,0.00010602456887909284,0.027382489293813705,0.061035752296447754,0.04227888956665993,0.0,0.061035752296447754,0.0,1.5224452018737793,0.12627003341913223
rti_random,rti,L3H10,L8H1,3,8,5,9.450251940279486e-05,9.450251940279486e-05,0.031038885936141014,0.060861736536026,0.04694557934999466,0.0,0.060861736536026,0.0,1.5087271928787231,0.12627003341913223
rti_random,rti,L3H10,L8H8,3,8,5,0.00012481341701686688,0.00012481341701686688,0.031965598464012146,0.04303703457117081,0.04303703457117081,0.0,0.03704072907567024,0.0,1.4973654747009277,0.12627003341913223
rti_random,rti,L3H10,L8H11,3,8,5,0.001788872099780292,0.001788872099780292,0.02745187282562256,0.039991457015275955,0.039602093398571014,0.0,0.039991457015275955,0.0,1.524324893951416,0.12627003341913223
rti_random,rti,L3H10,L9H4,3,9,6,0.0009067740846262495,0.0009067740846262495,0.04724185913801193,0.038879238069057465,0.038879238069057465,0.0,0.038499802350997925,0.0,1.4719280004501343,0.12627003341913223
rti_random,rti,L3H10,L10H8,3,10,7,-3.087298870241284e-05,3.087298870241284e-05,0.03026752360165119,0.04868686944246292,0.04023066163063049,0.0,0.04868686944246292,0.0,1.5023224353790283,0.12627003341913223
rti_random,rti,L4H8,L6H5,4,6,2,-8.045443672699548e-05,8.045443672699548e-05,0.0494539700448513,0.04524557292461395,0.04524557292461395,0.0,0.041948188096284866,0.0,1.4375684261322021,0.12627003341913223
rti_random,rti,L4H8,L6H10,4,6,2,2.5112739706401044e-05,2.5112739706401044e-05,0.07642558217048645,0.05203358083963394,0.05203358083963394,0.0,0.04613928124308586,0.0,1.293015718460083,0.12627003341913223
rti_random,rti,L4H8,L7H10,4,7,3,6.221831546326939e-05,6.221831546326939e-05,0.030576732009649277,0.039239685982465744,0.039239685982465744,0.0,0.030176600441336632,0.0,1.4902592897415161,0.12627003341913223
rti_random,rti,L4H8,L8H1,4,8,4,-1.9350039281107456e-05,1.9350039281107456e-05,0.03265076130628586,0.03973214700818062,0.03973214700818062,0.0,0.03372491896152496,0.0,1.4965369701385498,0.12627003341913223
rti_random,rti,L4H8,L8H8,4,8,4,0.00010472597699617836,0.00010472597699617836,0.03900863975286484,0.04583050683140755,0.04583050683140755,0.0,0.042518194764852524,0.0,1.4862618446350098,0.12627003341913223
rti_random,rti,L4H8,L8H11,4,8,4,0.0006382387641110654,0.0006382387641110654,0.03257773071527481,0.04276668652892113,0.04276668652892113,0.0,0.040888987481594086,0.0,1.5093721151351929,0.12627003341913223
rti_random,rti,L4H8,L9H4,4,9,5,-0.00015457958699016672,0.00015457958699016672,0.040763918310403824,0.046331267803907394,0.046331267803907394,0.0,0.04567262902855873,0.0,1.4960968494415283,0.12627003341913223
rti_random,rti,L4H8,L10H8,4,10,6,-2.2458764021848765e-05,2.2458764021848765e-05,0.03270067647099495,0.042441122233867645,0.042441122233867645,0.0,0.038182057440280914,0.0,1.4944274425506592,0.12627003341913223
rti_random,rti,L6H5,L6H10,6,6,0,0.00011036252175244954,0.00011036252175244954,0.05209243297576904,0.0,0.0,0.0,0.0,0.0,1.3972880840301514,0.12627003341913223
rti_random,rti,L6H5,L7H10,6,7,1,-0.00010573703212912733,0.00010573703212912733,0.029998179525136948,0.047647636383771896,0.047647636383771896,0.0,0.04657631739974022,0.0,1.4770439863204956,0.12627003341913223
rti_random,rti,L6H5,L8H1,6,8,2,-0.00014170301966487386,0.00014170301966487386,0.030283376574516296,0.058054957538843155,0.05745943263173103,0.0,0.058054957538843155,0.0,1.5186169147491455,0.12627003341913223
rti_random,rti,L6H5,L8H8,6,8,2,6.089768527317574e-05,6.089768527317574e-05,0.038525793701410294,0.05378863960504532,0.05378863960504532,0.0,0.041544683277606964,0.0,1.4837491512298584,0.12627003341913223
rti_random,rti,L6H5,L8H11,6,8,2,-0.0004426297677468938,0.0004426297677468938,0.027853839099407196,0.04644728824496269,0.04644728824496269,0.0,0.041335053741931915,0.0,1.5211952924728394,0.12627003341913223
rti_random,rti,L6H5,L9H4,6,9,3,0.0013570298088438904,0.0013570298088438904,0.0482814759016037,0.0494549460709095,0.0494549460709095,0.0,0.045156288892030716,0.0,1.4760630130767822,0.12627003341913223
rti_random,rti,L6H5,L10H8,6,10,4,-1.66597556585657e-05,1.66597556585657e-05,0.029145237058401108,0.04776963219046593,0.04776963219046593,0.0,0.04740241542458534,0.0,1.5085370540618896,0.12627003341913223
rti_random,rti,L6H10,L7H10,6,7,1,0.0001679142689567925,0.0001679142689567925,0.031946659088134766,0.04554443433880806,0.04554443433880806,0.0,0.02929682843387127,0.0,1.488689661026001,0.12627003341913223
rti_random,rti,L6H10,L8H1,6,8,2,0.0001760131723926861,0.0001760131723926861,0.03181884065270424,0.045797787606716156,0.045797787606716156,0.0,0.03194582834839821,0.0,1.4974994659423828,0.12627003341913223
rti_random,rti,L6H10,L8H8,6,8,2,-0.00016942867949865104,0.00016942867949865104,0.031784787774086,0.05042164400219917,0.05042164400219917,0.0,0.037813957780599594,0.0,1.5050536394119263,0.12627003341913223
rti_random,rti,L6H10,L8H11,6,8,2,0.0005031986366361707,0.0005031986366361707,0.030480751767754555,0.053692661225795746,0.053692661225795746,0.0,0.041980743408203125,0.0,1.521606683731079,0.12627003341913223
rti_random,rti,L6H10,L9H4,6,9,3,0.00038221735104571053,0.00038221735104571053,0.039282169193029404,0.04873603954911232,0.04873603954911232,0.0,0.036230478435754776,0.0,1.4759740829467773,0.12627003341913223
rti_random,rti,L6H10,L10H8,6,10,4,2.3961471185884875e-05,2.3961471185884875e-05,0.03234390914440155,0.053183503448963165,0.053183503448963165,0.0,0.03773291036486626,0.0,1.4975850582122803,0.12627003341913223
rti_random,rti,L7H10,L8H1,7,8,1,-4.0163315190966387e-05,4.0163315190966387e-05,0.052081163972616196,0.030600178986787796,0.030600178986787796,0.0,0.022866230458021164,0.0,1.426400899887085,0.12627003341913223
rti_random,rti,L7H10,L8H8,7,8,1,-4.574394978362761e-05,4.574394978362761e-05,0.04091336578130722,0.031883783638477325,0.031883783638477325,0.0,0.02870257757604122,0.0,1.489971399307251,0.12627003341913223
rti_random,rti,L7H10,L8H11,7,8,1,8.95694686846582e-05,8.95694686846582e-05,0.07038185000419617,0.03226526826620102,0.03226526826620102,0.0,0.026696830987930298,0.0,1.2136656045913696,0.12627003341913223
rti_random,rti,L7H10,L9H4,7,9,2,3.9747287530644826e-05,3.9747287530644826e-05,0.030036406591534615,0.029611635953187943,0.029611635953187943,0.0,0.028314925730228424,0.0,1.5057704448699951,0.12627003341913223
rti_random,rti,L7H10,L10H8,7,10,3,-9.06431125713425e-07,9.06431125713425e-07,0.046688854694366455,0.029097700491547585,0.029097700491547585,0.0,0.022568045184016228,0.0,1.4624172449111938,0.12627003341913223
rti_random,rti,L8H1,L8H8,8,8,0,-1.679410701171946e-05,1.679410701171946e-05,0.03588350862264633,0.0,0.0,0.0,0.0,0.0,1.4866607189178467,0.12627003341913223
rti_random,rti,L8H1,L8H11,8,8,0,0.00028537456438471054,0.00028537456438471054,0.0461798720061779,0.0,0.0,0.0,0.0,0.0,1.4611423015594482,0.12627003341913223
rti_random,rti,L8H1,L9H4,8,9,1,-9.687757864185187e-05,9.687757864185187e-05,0.033609677106142044,0.031730324029922485,0.031730324029922485,0.0,0.029063282534480095,0.0,1.493654727935791,0.12627003341913223
rti_random,rti,L8H1,L10H8,8,10,2,-1.9272429767625e-06,1.9272429767625e-06,0.058832649141550064,0.036375340074300766,0.036375340074300766,0.0,0.024956077337265015,0.0,1.4271270036697388,0.12627003341913223
rti_random,rti,L8H8,L8H11,8,8,0,-0.00034085170528896924,0.00034085170528896924,0.03726262226700783,0.0,0.0,0.0,0.0,0.0,1.5039293766021729,0.12627003341913223
rti_random,rti,L8H8,L9H4,8,9,1,7.689492798590436e-05,7.689492798590436e-05,0.029690569266676903,0.0494554378092289,0.0494554378092289,0.0,0.04382740333676338,0.0,1.506721019744873,0.12627003341913223
rti_random,rti,L8H8,L10H8,8,10,2,2.211760659065476e-06,2.211760659065476e-06,0.03628716245293617,0.03267006203532219,0.03267006203532219,0.0,0.026684578508138657,0.0,1.4839465618133545,0.12627003341913223
rti_random,rti,L8H11,L9H4,8,9,1,0.00043614924237544983,0.00043614924237544983,0.029542526230216026,0.035921402275562286,0.035921402275562286,0.0,0.030577316880226135,0.0,1.513611078262329,0.12627003341913223
rti_random,rti,L8H11,L10H8,8,10,2,4.8265044938489154e-06,4.8265044938489154e-06,0.04645146057009697,0.031449951231479645,0.031449951231479645,0.0,0.022451935335993767,0.0,1.4304893016815186,0.12627003341913223
rti_random,rti,L9H4,L10H8,9,10,1,3.0437661848736752e-06,3.0437661848736752e-06,0.03351869061589241,0.052927322685718536,0.052927322685718536,0.0,0.030681245028972626,0.0,1.4965341091156006,0.12627003341913223
gt_known,gt,L5H1,L5H5,5,5,0,-0.0036564588258042926,0.0036564588258042926,0.054411012679338455,0.0,0.0,0.0,0.0,0.0,1.3791427612304688,1.3133662458062172
gt_known,gt,L5H1,L6H9,5,6,1,-0.008971606057602916,0.008971606057602916,0.06721442937850952,0.033023905009031296,0.033023905009031296,0.0,0.022405583411455154,0.0,1.3286100625991821,1.3133662458062172
gt_known,gt,L5H1,L7H10,5,7,2,-0.009791220749728383,0.009791220749728383,0.045556556433439255,0.03694722428917885,0.03694722428917885,0.0,0.022970372810959816,0.0,1.4600385427474976,1.3133662458062172
gt_known,gt,L5H1,L8H8,5,8,3,-0.002116148309316484,0.002116148309316484,0.03140244260430336,0.04047279432415962,0.04047279432415962,0.0,0.029995622113347054,0.0,1.5207383632659912,1.3133662458062172
gt_known,gt,L5H1,L8H11,5,8,3,-0.0050716614802368,0.0050716614802368,0.041495706886053085,0.04126610606908798,0.04126610606908798,0.0,0.03127947449684143,0.0,1.505224585533142,1.3133662458062172
gt_known,gt,L5H1,L9H1,5,9,4,-0.005609612968750302,0.005609612968750302,0.03868613392114639,0.04544847458600998,0.04544847458600998,0.0,0.028128035366535187,0.0,1.5123625993728638,1.3133662458062172
gt_known,gt,L5H5,L6H9,5,6,1,-0.007114766840357332,0.007114766840357332,0.08388687670230865,0.04009952023625374,0.04009952023625374,0.0,0.01966671086847782,0.0,1.085152268409729,1.3133662458062172
gt_known,gt,L5H5,L7H10,5,7,2,-0.004867267522960909,0.004867267522960909,0.03591238334774971,0.042194534093141556,0.042194534093141556,0.0,0.025624476373195648,0.0,1.4812523126602173,1.3133662458062172
gt_known,gt,L5H5,L8H8,5,8,3,-0.0018119721277616895,0.0018119721277616895,0.032118652015924454,0.046035751700401306,0.046035751700401306,0.0,0.04413476213812828,0.0,1.5089229345321655,1.3133662458062172
gt_known,gt,L5H5,L8H11,5,8,3,-0.0058254128121770915,0.0058254128121770915,0.030067263171076775,0.04695023596286774,0.04695023596286774,0.0,0.044335778802633286,0.0,1.52467942237854,1.3133662458062172
gt_known,gt,L5H5,L9H1,5,9,4,-0.006110291612334548,0.006110291612334548,0.02325674146413803,0.04785548150539398,0.04785548150539398,0.0,0.04123089462518692,0.0,1.522820234298706,1.3133662458062172
gt_known,gt,L6H9,L7H10,6,7,1,-0.009817934222985058,0.009817934222985058,0.04920797795057297,0.03777777776122093,0.03777777776122093,0.0,0.02145060896873474,0.0,1.4204297065734863,1.3133662458062172
gt_known,gt,L6H9,L8H8,6,8,2,-0.0025365051543340122,0.0025365051543340122,0.03619026765227318,0.04268096387386322,0.04268096387386322,0.0,0.03264555707573891,0.0,1.4919712543487549,1.3133662458062172
gt_known,gt,L6H9,L8H11,6,8,2,-0.009642251186072846,0.009642251186072846,0.047785431146621704,0.045697618275880814,0.045697618275880814,0.0,0.032316654920578,0.0,1.5086522102355957,1.3133662458062172
gt_known,gt,L6H9,L9H1,6,9,3,-0.008820867098402234,0.008820867098402234,0.04288291558623314,0.04987947270274162,0.04987947270274162,0.0,0.031504008919000626,0.0,1.5026922225952148,1.3133662458062172
gt_known,gt,L7H10,L8H8,7,8,1,-0.0052955293427221495,0.0052955293427221495,0.04091336578130722,0.031883783638477325,0.031883783638477325,0.0,0.02870257757604122,0.0,1.489971399307251,1.3133662458062172
gt_known,gt,L7H10,L8H11,7,8,1,-0.00968875961890444,0.00968875961890444,0.07038185000419617,0.03226526826620102,0.03226526826620102,0.0,0.026696830987930298,0.0,1.2136656045913696,1.3133662458062172
gt_known,gt,L7H10,L9H1,7,9,2,-0.013118011051788933,0.013118011051788933,0.06246190890669823,0.03642455115914345,0.03642455115914345,0.0,0.025362519547343254,0.0,1.3807411193847656,1.3133662458062172
gt_known,gt,L8H8,L8H11,8,8,0,-0.0020548174781724986,0.0020548174781724986,0.03726262226700783,0.0,0.0,0.0,0.0,0.0,1.5039293766021729,1.3133662458062172
gt_known,gt,L8H8,L9H1,8,9,1,-0.003272370365913973,0.003272370365913973,0.042572021484375,0.036112383008003235,0.036112383008003235,0.0,0.028694424778223038,0.0,1.4810450077056885,1.3133662458062172
gt_known,gt,L8H11,L9H1,8,9,1,-0.007237834999803475,0.007237834999803475,0.07023777067661285,0.045486729592084885,0.045486729592084885,0.0,0.027301380410790443,0.0,1.2676692008972168,1.3133662458062172
gt_acdc,gt,L0H7,L3H6,0,3,3,4.528343793936155e-05,4.528343793936155e-05,0.03825783357024193,0.03816361352801323,0.035421907901763916,0.0,0.03816361352801323,0.0,1.46570885181427,0.6502394950389863
gt_acdc,gt,L0H7,L4H11,0,4,4,-0.0004395403841044726,0.0004395403841044726,0.040854185819625854,0.04593764618039131,0.04130127653479576,0.0,0.04593764618039131,0.0,1.4409000873565674,0.6502394950389863
gt_acdc,gt,L0H7,L5H5,0,5,5,3.512049023993201e-05,3.512049023993201e-05,0.039185117930173874,0.041215620934963226,0.041215620934963226,0.0,0.0402495376765728,0.0,1.476747989654541,0.6502394950389863
gt_acdc,gt,L0H7,L7H10,0,7,7,-0.0013268957214895637,0.0013268957214895637,0.032900191843509674,0.04152989014983177,0.039094358682632446,0.0,0.04152989014983177,0.0,1.5016659498214722,0.6502394950389863
gt_acdc,gt,L0H7,L8H10,0,8,8,-0.00011009257868863738,0.00011009257868863738,0.03932804986834526,0.04121836647391319,0.03739520162343979,0.0,0.04121836647391319,0.0,1.4844194650650024,0.6502394950389863
gt_acdc,gt,L0H7,L9H1,0,9,9,-0.0001869815092068153,0.0001869815092068153,0.030992800369858742,0.041349858045578,0.03734694421291351,0.0,0.041349858045578,0.0,1.5061874389648438,0.6502394950389863
gt_acdc,gt,L3H6,L4H11,3,4,1,-0.00023921626317313953,0.00023921626317313953,0.049573175609111786,0.048181381076574326,0.048181381076574326,0.0,0.03813562169671059,0.0,1.367990493774414,0.6502394950389863
gt_acdc,gt,L3H6,L5H5,3,5,2,-0.0003027607963886135,0.0003027607963886135,0.043234750628471375,0.05298200994729996,0.042383547872304916,0.0,0.05298200994729996,0.0,1.4711062908172607,0.6502394950389863
gt_acdc,gt,L3H6,L7H10,3,7,4,-0.0005032012846786587,0.0005032012846786587,0.034043557941913605,0.048198528587818146,0.03838763386011124,0.0,0.048198528587818146,0.0,1.4876315593719482,0.6502394950389863
gt_acdc,gt,L3H6,L8H10,3,8,5,-0.00013805002649314732,0.00013805002649314732,0.03639461472630501,0.03997368365526199,0.03726382553577423,0.0,0.03997368365526199,0.0,1.5006542205810547,0.6502394950389863
gt_acdc,gt,L3H6,L9H1,3,9,6,-0.0008921786376740767,0.0008921786376740767,0.031144876033067703,0.04037928581237793,0.03599672019481659,0.0,0.04037928581237793,0.0,1.4984633922576904,0.6502394950389863
gt_acdc,gt,L4H11,L5H5,4,5,1,-8.947749040088236e-05,8.947749040088236e-05,0.05073205754160881,0.09544696658849716,0.04097779467701912,0.0,0.09544696658849716,0.0,1.4293513298034668,0.6502394950389863
gt_acdc,gt,L4H11,L7H10,4,7,3,0.0005294321074616141,0.0005294321074616141,0.026133140549063683,0.08945732563734055,0.04041987285017967,0.0,0.08945732563734055,0.0,1.5158843994140625,0.6502394950389863
gt_acdc,gt,L4H11,L8H10,4,8,4,-4.245476098743706e-06,4.245476098743706e-06,0.05200280621647835,0.03443274646997452,0.0293875802308321,0.0,0.03443274646997452,0.0,1.4970752000808716,0.6502394950389863
gt_acdc,gt,L4H11,L9H1,4,9,5,0.00026536638964897406,0.00026536638964897406,0.031753748655319214,0.05079849064350128,0.03162328153848648,0.0,0.05079849064350128,0.0,1.5104209184646606,0.6502394950389863
gt_acdc,gt,L5H5,L7H10,5,7,2,-0.015035817936295631,0.015035817936295631,0.03591238334774971,0.042194534093141556,0.042194534093141556,0.0,0.025624476373195648,0.0,1.4812523126602173,0.6502394950389863
gt_acdc,gt,L5H5,L8H10,5,8,3,0.00148321309010499,0.00148321309010499,0.057227618992328644,0.05592759698629379,0.055108584463596344,0.0,0.05592759698629379,0.0,1.382524013519287,0.6502394950389863
gt_acdc,gt,L5H5,L9H1,5,9,4,-0.015297194185433925,0.015297194185433925,0.02325674146413803,0.04785548150539398,0.04785548150539398,0.0,0.04123089462518692,0.0,1.522820234298706,0.6502394950389863
gt_acdc,gt,L7H10,L8H10,7,8,1,0.0020761512920726075,0.0020761512920726075,0.03685799613595009,0.03120974637567997,0.03120974637567997,0.0,0.02591250091791153,0.0,1.470017671585083,0.6502394950389863
gt_acdc,gt,L7H10,L9H1,7,9,2,-0.032605833280133084,0.032605833280133084,0.06246190890669823,0.03642455115914345,0.03642455115914345,0.0,0.025362519547343254,0.0,1.3807411193847656,0.6502394950389863
gt_acdc,gt,L8H10,L9H1,8,9,1,0.000595189127838236,0.000595189127838236,0.03785676881670952,0.05624094977974892,0.05624094977974892,0.0,0.034016262739896774,0.0,1.4792068004608154,0.6502394950389863
gt_c5_walsh,gt,L5H5,L7H10,5,7,2,-0.013572388568893074,0.013572388568893074,0.03591238334774971,0.042194534093141556,0.042194534093141556,0.0,0.025624476373195648,0.0,1.4812523126602173,0.9340524461567402
gt_c5_walsh,gt,L5H5,L9H1,5,9,4,-0.015647322515957053,0.015647322515957053,0.02325674146413803,0.04785548150539398,0.04785548150539398,0.0,0.04123089462518692,0.0,1.522820234298706,0.9340524461567402
gt_c5_walsh,gt,L5H5,L6H9,5,6,1,-0.012421892796643078,0.012421892796643078,0.08388687670230865,0.04009952023625374,0.04009952023625374,0.0,0.01966671086847782,0.0,1.085152268409729,0.9340524461567402
gt_c5_walsh,gt,L5H5,L0H10,5,0,5,0.0004810650562867523,0.0004810650562867523,0.037508971989154816,0.036752864718437195,0.0,0.036752864718437195,0.0,0.029406234622001648,1.4686208963394165,0.9340524461567402
gt_c5_walsh,gt,L5H5,L8H5,5,8,3,-0.000567799477372323,0.000567799477372323,0.045123763382434845,0.03522041067481041,0.03522041067481041,0.0,0.03296322003006935,0.0,1.4522711038589478,0.9340524461567402
gt_c5_walsh,gt,L5H5,L10H2,5,10,5,-0.002455782303586597,0.002455782303586597,0.02607169933617115,0.05280496925115585,0.05280496925115585,0.0,0.045247633010149,0.0,1.5180187225341797,0.9340524461567402
gt_c5_walsh,gt,L7H10,L9H1,7,9,2,-0.0314330728375353,0.0314330728375353,0.06246190890669823,0.03642455115914345,0.03642455115914345,0.0,0.025362519547343254,0.0,1.3807411193847656,0.9340524461567402
gt_c5_walsh,gt,L7H10,L6H9,7,6,1,-0.022775409633759416,0.022775409633759416,0.049207985401153564,0.03777777776122093,0.0,0.03777777776122093,0.0,0.02145060896873474,1.4204297065734863,0.9340524461567402
gt_c5_walsh,gt,L7H10,L0H10,7,0,7,0.0006745225875638416,0.0006745225875638416,0.03341818228363991,0.03812457621097565,0.0,0.03812457621097565,0.0,0.03544600307941437,1.4916833639144897,0.9340524461567402
gt_c5_walsh,gt,L7H10,L8H5,7,8,1,0.0008143752142786981,0.0008143752142786981,0.03136239945888519,0.028491130098700523,0.028491130098700523,0.0,0.02723299339413643,0.0,1.4897390604019165,0.9340524461567402
gt_c5_walsh,gt,L7H10,L10H2,7,10,3,-0.003891186708118763,0.003891186708118763,0.056047070771455765,0.03295546770095825,0.03295546770095825,0.0,0.022076549008488655,0.0,1.419604778289795,0.9340524461567402
gt_c5_walsh,gt,L9H1,L6H9,9,6,3,-0.021530044644605367,0.021530044644605367,0.04288291186094284,0.04987947270274162,0.0,0.04987947270274162,0.0,0.031504008919000626,1.5026922225952148,0.9340524461567402
gt_c5_walsh,gt,L9H1,L0H10,9,0,9,4.4762976933274135e-05,4.4762976933274135e-05,0.030747270211577415,0.05029291659593582,0.0,0.03821249306201935,0.0,0.05029291659593582,1.5117549896240234,0.9340524461567402
gt_c5_walsh,gt,L9H1,L8H5,9,8,1,-1.8344786949453518e-05,1.8344786949453518e-05,0.024387801066040993,0.05392877012491226,0.0,0.05392877012491226,0.0,0.04210541769862175,1.5201363563537598,0.9340524461567402
gt_c5_walsh,gt,L9H1,L10H2,9,10,1,-0.0022733429321088044,0.0022733429321088044,0.06564551591873169,0.029236767441034317,0.029236767441034317,0.0,0.02715981937944889,0.0,1.328709602355957,0.9340524461567402
gt_c5_walsh,gt,L6H9,L0H10,6,0,6,0.0005792997651733467,0.0005792997651733467,0.03670327365398407,0.03948940709233284,0.0,0.03948940709233284,0.0,0.030309082940220833,1.4804110527038574,0.9340524461567402
gt_c5_walsh,gt,L6H9,L8H5,6,8,2,0.0004218857372179502,0.0004218857372179502,0.04709191620349884,0.031595710664987564,0.031477127224206924,0.0,0.031595710664987564,0.0,1.3899309635162354,0.9340524461567402
gt_c5_walsh,gt,L6H9,L10H2,6,10,4,-0.0031333472500555334,0.0031333472500555334,0.04478361830115318,0.053301852196455,0.053301852196455,0.0,0.03251723572611809,0.0,1.5018017292022705,0.9340524461567402
gt_c5_walsh,gt,L0H10,L8H5,0,8,8,0.00019634487200527462,0.00019634487200527462,0.039297666400671005,0.06166525185108185,0.04381320998072624,0.0,0.06166525185108185,0.0,1.4657580852508545,0.9340524461567402
gt_c5_walsh,gt,L0H10,L10H2,0,10,10,0.00016803444502874743,0.00016803444502874743,0.03005363792181015,0.049792710691690445,0.03849684074521065,0.0,0.049792710691690445,0.0,1.512677788734436,0.9340524461567402
gt_c5_walsh,gt,L8H5,L10H2,8,10,2,-1.936108898370481e-05,1.936108898370481e-05,0.02444118820130825,0.050838131457567215,0.050838131457567215,0.0,0.04124747961759567,0.0,1.5144727230072021,0.9340524461567402
gt_c6_epistatic,gt,L5H5,L0H10,5,0,5,0.0004645134832244344,0.0004645134832244344,0.037508971989154816,0.036752864718437195,0.0,0.036752864718437195,0.0,0.029406234622001648,1.4686208963394165,0.9168369390964508
gt_c6_epistatic,gt,L5H5,L7H10,5,7,2,-0.013177683394169432,0.013177683394169432,0.03591238334774971,0.042194534093141556,0.042194534093141556,0.0,0.025624476373195648,0.0,1.4812523126602173,0.9168369390964508
gt_c6_epistatic,gt,L5H5,L9H1,5,9,4,-0.015011758796172215,0.015011758796172215,0.02325674146413803,0.04785548150539398,0.04785548150539398,0.0,0.04123089462518692,0.0,1.522820234298706,0.9168369390964508
gt_c6_epistatic,gt,L5H5,L4H11,5,4,1,-7.338676671496836e-05,7.338676671496836e-05,0.05073205754160881,0.09544696658849716,0.0,0.04097779467701912,0.0,0.09544696658849716,1.4293513298034668,0.9168369390964508
gt_c6_epistatic,gt,L5H5,L0H3,5,0,5,-0.0006268846809398335,0.0006268846809398335,0.03745075315237045,0.0365552194416523,0.0,0.0365552194416523,0.0,0.02597547508776188,1.4747314453125,0.9168369390964508
gt_c6_epistatic,gt,L5H5,L6H9,5,6,1,-0.012082482686964796,0.012082482686964796,0.08388687670230865,0.04009952023625374,0.04009952023625374,0.0,0.01966671086847782,0.0,1.085152268409729,0.9168369390964508
gt_c6_epistatic,gt,L0H10,L7H10,0,7,7,0.0006591025849338621,0.0006591025849338621,0.03341817483305931,0.03812457621097565,0.03812457621097565,0.0,0.03544600307941437,0.0,1.4916833639144897,0.9168369390964508
gt_c6_epistatic,gt,L0H10,L9H1,0,9,9,-3.4235119586809287e-05,3.4235119586809287e-05,0.030747268348932266,0.05029291659593582,0.03821249306201935,0.0,0.05029291659593582,0.0,1.5117549896240234,0.9168369390964508
gt_c6_epistatic,gt,L0H10,L4H11,0,4,4,-0.00024137915507890274,0.00024137915507890274,0.047975946217775345,0.071586012840271,0.032069139182567596,0.0,0.071586012840271,0.0,1.4160277843475342,0.9168369390964508
gt_c6_epistatic,gt,L0H10,L0H3,0,0,0,0.0005212520498316764,0.0005212520498316764,0.054070908576250076,0.0,0.0,0.0,0.0,0.0,1.4238817691802979,0.9168369390964508
gt_c6_epistatic,gt,L0H10,L6H9,0,6,6,0.0005790487898047945,0.0005790487898047945,0.03670327737927437,0.03948940709233284,0.03948940709233284,0.0,0.030309082940220833,0.0,1.4804110527038574,0.9168369390964508
gt_c6_epistatic,gt,L7H10,L9H1,7,9,2,-0.030543525835732006,0.030543525835732006,0.06246190890669823,0.03642455115914345,0.03642455115914345,0.0,0.025362519547343254,0.0,1.3807411193847656,0.9168369390964508
gt_c6_epistatic,gt,L7H10,L4H11,7,4,3,0.0008587896174285618,0.0008587896174285618,0.026133140549063683,0.08945732563734055,0.0,0.04041987285017967,0.0,0.08945732563734055,1.5158843994140625,0.9168369390964508
gt_c6_epistatic,gt,L7H10,L0H3,7,0,7,-0.0009728808624204222,0.0009728808624204222,0.0348728783428669,0.0357246957719326,0.0,0.0357246957719326,0.0,0.02845584787428379,1.488430380821228,0.9168369390964508
gt_c6_epistatic,gt,L7H10,L6H9,7,6,1,-0.022459004539763565,0.022459004539763565,0.049207985401153564,0.03777777776122093,0.0,0.03777777776122093,0.0,0.02145060896873474,1.4204297065734863,0.9168369390964508
gt_c6_epistatic,gt,L9H1,L4H11,9,4,5,0.0003125504122581217,0.0003125504122581217,0.031753744930028915,0.05079849064350128,0.0,0.03162328153848648,0.0,0.05079849064350128,1.5104209184646606,0.9168369390964508
gt_c6_epistatic,gt,L9H1,L0H3,9,0,9,-0.0007815260973293367,0.0007815260973293367,0.031682513654232025,0.037869032472372055,0.0,0.033765263855457306,0.0,0.037869032472372055,1.4974786043167114,0.9168369390964508
gt_c6_epistatic,gt,L9H1,L6H9,9,6,3,-0.021103098837891604,0.021103098837891604,0.04288291186094284,0.04987947270274162,0.0,0.04987947270274162,0.0,0.031504008919000626,1.5026922225952148,0.9168369390964508
gt_c6_epistatic,gt,L4H11,L0H3,4,0,4,-0.00012730685784481666,0.00012730685784481666,0.03476845473051071,0.04865439236164093,0.0,0.02708640694618225,0.0,0.04865439236164093,1.482706069946289,0.9168369390964508
gt_c6_epistatic,gt,L4H11,L6H9,4,6,2,0.0002790687431115657,0.0002790687431115657,0.0426269993185997,0.10092592984437943,0.049432870000600815,0.0,0.10092592984437943,0.0,1.4464815855026245,0.9168369390964508
gt_c6_epistatic,gt,L0H3,L6H9,0,6,6,-0.0012431419517379277,0.0012431419517379277,0.03556037321686745,0.03644130006432533,0.03644130006432533,0.0,0.0265389084815979,0.0,1.4874821901321411,0.9168369390964508
gt_random,gt,L0H6,L2H2,0,2,2,-2.390462439505643e-06,2.390462439505643e-06,0.035639647394418716,0.024537088349461555,0.024537088349461555,0.0,0.02282511256635189,0.0,1.4875860214233398,0.004583088248968137
gt_random,gt,L0H6,L2H4,0,2,2,-2.929445821790548e-06,2.929445821790548e-06,0.033341988921165466,0.0251306239515543,0.0251306239515543,0.0,0.024028949439525604,0.0,1.4992276430130005,0.004583088248968137
gt_random,gt,L0H6,L2H11,0,2,2,2.3664263542738477e-05,2.3664263542738477e-05,0.038952626287937164,0.037153031677007675,0.037153031677007675,0.0,0.02771775610744953,0.0,1.4894680976867676,0.004583088248968137
gt_random,gt,L0H6,L4H9,0,4,4,2.38353991881355e-06,2.38353991881355e-06,0.03482987359166145,0.03487439826130867,0.02902403101325035,0.0,0.03487439826130867,0.0,1.4877986907958984,0.004583088248968137
gt_random,gt,L0H6,L5H2,0,5,5,7.342621684064063e-07,7.342621684064063e-07,0.034047871828079224,0.0362577922642231,0.03049447014927864,0.0,0.0362577922642231,0.0,1.4909528493881226,0.004583088248968137
gt_random,gt,L0H6,L5H10,0,5,5,2.053027041260848e-06,2.053027041260848e-06,0.0348237007856369,0.03283647820353508,0.03101024590432644,0.0,0.03283647820353508,0.0,1.5002214908599854,0.004583088248968137
gt_random,gt,L2H2,L2H4,2,2,0,4.6643172390784665e-06,4.6643172390784665e-06,0.03862651064991951,0.0,0.0,0.0,0.0,0.0,1.4299558401107788,0.004583088248968137
gt_random,gt,L2H2,L2H11,2,2,0,-2.5119115598538216e-06,2.5119115598538216e-06,0.03793816640973091,0.0,0.0,0.0,0.0,0.0,1.4817652702331543,0.004583088248968137
gt_random,gt,L2H2,L4H9,2,4,2,-9.54311480745422e-06,9.54311480745422e-06,0.0362420417368412,0.04057833552360535,0.04057833552360535,0.0,0.033118534833192825,0.0,1.477262020111084,0.004583088248968137
gt_random,gt,L2H2,L5H2,2,5,3,-4.274438135333861e-06,4.274438135333861e-06,0.03936416283249855,0.04297377169132233,0.04297377169132233,0.0,0.03565104305744171,0.0,1.4531309604644775,0.004583088248968137
gt_random,gt,L2H2,L5H10,2,5,3,-2.0068511366844524e-05,2.0068511366844524e-05,0.03232378885149956,0.03393839672207832,0.03393839672207832,0.0,0.03259710222482681,0.0,1.4808968305587769,0.004583088248968137
gt_random,gt,L2H4,L2H11,2,2,0,3.4465706441541566e-05,3.4465706441541566e-05,0.03624448925256729,0.0,0.0,0.0,0.0,0.0,1.5039169788360596,0.004583088248968137
gt_random,gt,L2H4,L4H9,2,4,2,-2.3507629521232754e-06,2.3507629521232754e-06,0.03983969986438751,0.03629307076334953,0.03627528250217438,0.0,0.03629307076334953,0.0,1.4941893815994263,0.004583088248968137
gt_random,gt,L2H4,L5H2,2,5,3,2.7486579492676244e-05,2.7486579492676244e-05,0.03577112779021263,0.03458075225353241,0.03458075225353241,0.0,0.03320281580090523,0.0,1.4819780588150024,0.004583088248968137
gt_random,gt,L2H4,L5H10,2,5,3,-5.484960600733724e-05,5.484960600733724e-05,0.03708728030323982,0.038219619542360306,0.038219619542360306,0.0,0.03753109648823738,0.0,1.4609062671661377,0.004583088248968137
gt_random,gt,L2H11,L4H9,2,4,2,3.7523112259643665e-06,3.7523112259643665e-06,0.0384061224758625,0.03353755921125412,0.03353755921125412,0.0,0.03231799975037575,0.0,1.4837007522583008,0.004583088248968137
gt_random,gt,L2H11,L5H2,2,5,3,7.783042266971962e-06,7.783042266971962e-06,0.04199574887752533,0.039555709809064865,0.039555709809064865,0.0,0.03521877899765968,0.0,1.47543203830719,0.004583088248968137
gt_random,gt,L2H11,L5H10,2,5,3,-2.6807853952030836e-05,2.6807853952030836e-05,0.03607713058590889,0.045345474034547806,0.045345474034547806,0.0,0.03405632823705673,0.0,1.4918630123138428,0.004583088248968137
gt_random,gt,L4H9,L5H2,4,5,1,-2.3004058748429812e-05,2.3004058748429812e-05,0.048222560435533524,0.04233228415250778,0.04233228415250778,0.0,0.041218068450689316,0.0,1.4391131401062012,0.004583088248968137
gt_random,gt,L4H9,L5H10,4,5,1,9.843647479981787e-06,9.843647479981787e-06,0.06069841980934143,0.046888843178749084,0.046888843178749084,0.0,0.04399487003684044,0.0,1.3753414154052734,0.004583088248968137
gt_random,gt,L5H2,L5H10,5,5,0,-2.422584686440077e-06,2.422584686440077e-06,0.04936994984745979,0.0,0.0,0.0,0.0,0.0,1.4227664470672607,0.004583088248968137
